c,mu,distance
0.4444593992612441,0.5621737432112947,0.003932404683678789
0.4819685727904385,0.4866238770305369,0.004494308663882526
0.47391733605527564,0.5960738514332505,0.004716574579209044
0.4219188266282723,0.629522045995964,0.005825139459327957
0.4266629359338272,0.2684442907938987,0.005865538438605018
0.45869674008094363,0.3063356729152267,0.006347638723691486
0.4644283229665387,0.45617865410933767,0.0064240365373808605
0.49863423525242256,0.5880007784556954,0.006425741326100853
0.44515336315232057,0.6026440604875468,0.006552111443741768
0.4852221608839312,0.29361740944543246,0.007119992032321841
0.4848045755953968,0.6370967702965228,0.0072770864053421196
0.470609712615324,0.4503100889870073,0.007526880079041853
0.3695739856438517,0.5286707555701878,0.007997221665355058
0.4499516585027864,0.8269785914843419,0.008398315948738183
0.44570588472532524,0.5640754980798871,0.008426990470470538
0.4376628247325465,0.4234470246013424,0.008646257015995924
0.4858742015162313,0.5181992310123488,0.008771539885624983
0.4056485592977449,0.5336669677313695,0.008899053263394541
0.40879550215187177,0.47470961031046877,0.008929806925430685
0.39179348663486957,0.7317542364520787,0.009181808414614506
0.48474280820702953,0.7134618229049123,0.009270165304448458
0.4918129794445908,0.2538689482335157,0.009392080107978729
0.44230908350258835,0.7495661647713102,0.00946025256234957
0.46836571044917463,0.24666653533728777,0.009572526910539262
0.45451784359500425,0.28396136593161836,0.009681238845185047
0.4554007628020047,0.6808719036317477,0.00991880796583837
0.47064655393202537,0.8468760437490962,0.009991605463102746
0.49985203301725445,0.6194663738236252,0.010003866292208233
0.46271371976903275,0.506288600050543,0.010061153778443185
0.42001484199917394,0.40800591727368407,0.010242147172429649
0.4727426056430003,0.5375138308622075,0.010289910077759198
0.4023294114645384,0.5068835813618547,0.010623018287787308
0.4065259503607572,0.4361252076545882,0.010679625419753598
0.41887049243405594,0.6461144441457011,0.01072696061961544
0.4882516760050569,0.28147214671836474,0.01085574570711652
0.47235880702694844,0.4367804850254202,0.010944010110250327
0.4190843020270243,0.8384566805077048,0.010947966904439981
0.4298541936613539,0.4396432019988512,0.011022547361740055
0.4956087139388283,0.34518830823143676,0.01132294860545971
0.4685762767737409,0.27067358628898913,0.01133127988157939
0.44919648510150023,0.65980439444578,0.011331651225888716
0.48040737799825195,0.4558904090203283,0.011522311777877645
0.45283052668144463,0.22419300507407425,0.01155590660042266
0.46613844966485063,0.8358918560278675,0.011681801386538166
0.4551567081929594,0.25468048049455805,0.011826195427926671
0.4704390753807214,0.2989013739339035,0.011857619112229543
0.4493358244754385,0.560602716916953,0.011982851538695612
0.4247809209280059,0.5633585910760986,0.012174496574040026
0.40810642812656384,0.7304864432184596,0.012186685754891237
0.4414628800971496,0.3969319862777565,0.012188561481043279
0.4074496905262115,0.5872706328962592,0.012288329417167284
0.48147700623406053,0.4827606312018613,0.012508900493880969
0.3833509497233778,0.5749434440867488,0.012509014899697893
0.4468727722538657,0.8376984178917724,0.012551534884940688
0.45277560331055056,0.497036214915901,0.012592555547201158
0.4735552988977171,0.8424524279077085,0.012648031277656121
0.4262579560099601,0.6965597601997492,0.01272729990727418
0.4766615646157769,0.6854883086245815,0.012780919001170135
0.44216773028232437,0.23200478190996776,0.012793196277558025
0.4990987712690198,0.24462779358835932,0.012816288444793548
0.4678662292963781,0.22854866539077534,0.012861191444289995
0.4948032266750907,0.5516000232889157,0.012867382485701594
0.45885583992561607,0.4225624094137118,0.012903156913573662
0.4922363038058324,0.6589116913814789,0.012965209682682272
0.49467713239900546,0.8307765504465777,0.012989428732545182
0.433948959489477,0.5119010252145374,0.013186410692118811
0.46537121884238364,0.4580744911574318,0.013276042491721853
0.46561368317109764,0.2218692142822173,0.013287628749593414
0.37099998054357597,0.4544077870005503,0.013292065451287966
0.42815300234146425,0.5206635137876404,0.01334050766182565
0.44610090051752493,0.29138574307700865,0.013350690598091974
0.4150031620420743,0.3701273024382139,0.013400060327233815
0.4486216714902034,0.5668785931940374,0.013419596920985166
0.44833277922469417,0.2619169400876411,0.013419779501233187
0.40709745814048914,0.643224317464757,0.013467658875612304
0.38617073504984023,0.46718710151982235,0.013480844505359768
0.4294150540297337,0.7174435146000879,0.013549029811835086
0.43894229803271745,0.6189035405256565,0.013567747290782311
0.46865413257437616,0.4411604823280092,0.013615287556395532
0.34126879065033855,0.6402184556740462,0.013790940151005971
0.4235403912856427,0.47134826665978913,0.013849713964722194
0.42454790953093713,0.40122688275857443,0.013986215102722384
0.48452655922497456,0.21295839041685652,0.014056362171055124
0.4540911308099631,0.36402894603460245,0.01408035976635873
0.4283827662771804,0.5416081846783535,0.014189447921574989
0.4631829191413743,0.40280149530478326,0.01423757314352595
0.48141276321958004,0.7651253688566694,0.014238808266612092
0.49959702140007445,0.6377170318980615,0.014343381289290063
0.49450365404737573,0.28690825591888414,0.01434997010935979
0.3634172031094064,0.5527858034705311,0.014591301805437034
0.3902884786029627,0.8189098883571736,0.014617866218268698
0.43373453797054295,0.790895576483785,0.014618814187523895
0.4787374928806607,0.37738387596029566,0.014661602589340857
0.43812111074907234,0.2917211209273994,0.014875430672907478
0.4908666573401542,0.6412763166874325,0.014905805435399365
0.45887713497106,0.7331049963134069,0.014998558448638307
0.4984429697710717,0.17442483572054462,0.015013919663416262
0.43380712624788864,0.18768674135076202,0.015018437925204344
0.4936273714617274,0.5598785927942002,0.015053358762145704
0.45485922132960754,0.5905992188803773,0.015082799992648476
0.4322425927997833,0.3495388419209987,0.015150063795979404
0.48310118513557443,0.3464483384617154,0.015161626264887564
0.42947008186974844,0.5801669789683157,0.015199594216011822
0.43393541821911397,0.6367421294118186,0.015255914678059165
0.4108296774975254,0.5229256335403552,0.0153780445331603
0.3977637141630267,0.5078557027200035,0.015397662186935048
0.4334722667128309,0.5377417579091155,0.015515766894492432
0.4502953579542309,0.7767718401603506,0.015528570793051005
0.390255965115735,0.6879846078057181,0.01553689901937965
0.4969977230982968,0.2107522981041112,0.01571433638170726
0.47602994217768113,0.48116499289033365,0.01572257317869621
0.49687109822538666,0.42348061089204714,0.015766684374093773
0.49801555497631267,0.5722684991130931,0.01577136512097151
0.3857976031547393,0.7263435354492156,0.0158371263868934
0.37801597892965344,0.5582985330187612,0.015927170328523345
0.465031937222247,0.32393048867908747,0.01594691996996159
0.39115397761699566,0.5722254108579177,0.01601589108973579
0.4833722268798315,0.665025204200085,0.01605803305628283
0.4587715921941995,0.2047686002014758,0.016096745794578763
0.4669037889566049,0.5787516561127889,0.016108279828938595
0.3563770591512859,0.7849933933467236,0.01610971282977423
0.44530123048134973,0.8035315654658914,0.016162641878457867
0.40250444745870384,0.21027174021988015,0.016200798393972794
0.421421553670446,0.5492964284715418,0.016286291768627566
0.4286495850781834,0.20198360081711267,0.016291356421953607
0.4774283393152352,0.3182252622980726,0.016376980724529443
0.4932137264387556,0.47958983545565537,0.01644101367591261
0.4935687402267108,0.6149950824140034,0.016538782433410976
0.45045204933752303,0.478098669891621,0.016569832080313967
0.4853121651346942,0.34675865864108046,0.016640227716045577
0.47938969457053526,0.4368449795504462,0.01664584048139586
0.4255508017234362,0.6203916629850759,0.016664203470709536
0.49412611964680064,0.7779294853236179,0.016708518702180722
0.47591891862675506,0.3798738246567195,0.016741502567142127
0.37330284266851754,0.4889713830422916,0.01674728265341207
0.4575633441970074,0.7875073136863846,0.01680228457083837
0.48244749367705864,0.22924966868620525,0.01692199444841855
0.3894091334817755,0.30772099015196164,0.017035456667365324
0.43176595128484463,0.5275838152893785,0.017055894692724876
0.45806286880026903,0.6990372935042906,0.017056375890759933
0.45254801825999424,0.5923405513455459,0.017078360302195852
0.4641425017058064,0.7423256301116622,0.01709234305985563
0.434602362882086,0.36826294719434605,0.017116929308002838
0.4510829507072963,0.48478364190038137,0.017304372014846754
0.4960989267680941,0.6114366795783253,0.017326396906764147
0.46623982774793926,0.7273029365047974,0.017362752972929354
0.4984089142295849,0.5821278504029498,0.01739625580035887
0.48629076695827067,0.19929484831512412,0.017407618469782483
0.45958704214719304,0.5358473355232766,0.017433625086128817
0.4430485077738511,0.72071975925994,0.01744893977283902
0.40269738486630213,0.43790415652261316,0.017508799462720895
0.48787410232987993,0.2353297502156333,0.017563845842134145
0.4749161938571217,0.4543549501264367,0.01758382069448841
0.44857845290388976,0.5236215090653226,0.01772971698949851
0.45836714547398894,0.5118217714955781,0.01778358247836435
0.42777884724514703,0.6007349080642495,0.017805858907462894
0.44576436587896484,0.8702651174057033,0.017825148453706852
0.43688568378144077,0.7198145348083493,0.01782886176288789
0.4434954423611087,0.4641414010320005,0.017958524698839386
0.47518663293068564,0.44812122788062214,0.018094838423083574
0.4346579902893253,0.3511617784846822,0.018125053422998093
0.3759162403858196,0.44979345511742563,0.018148159940969848
0.3982034037231831,0.4631933448855392,0.01819584325218002
0.46377893283437155,0.6669335521968207,0.018212540748080347
0.3922294799015401,0.5003267877619622,0.01826586454958311
0.4812959123110039,0.42122100197627255,0.018301903119463465
0.364146267420967,0.37826185168558435,0.018361491852499603
0.434618927471611,0.30248996424953656,0.018365821879423316
0.39441075723946406,0.6557111078483644,0.018396265747822965
0.3645717507320665,0.7902956632243143,0.01839776922899442
0.46536989377459814,0.4252259278487637,0.01840363585199025
0.4665417022220999,0.5806142652942673,0.01844836324261585
0.4699856987094798,0.44516770160731134,0.018512786530266213
0.3590900720884409,0.5383546423164847,0.01862077254940706
0.41051876584876945,0.6805512654841508,0.01864994691946091
0.44892380018510525,0.6282361289032619,0.018654336938023434
0.45433071570299133,0.6387708487957081,0.018809036333922214
0.41434913543446306,0.7163780925628974,0.018812554661912718
0.42547369398947865,0.6226420658187506,0.01881283415808554
0.43021591295412154,0.3937889055482353,0.018818203719004226
0.3915188164016602,0.24953556530317106,0.01894635553233484
0.4210552719184071,0.4957991731500926,0.018946704595573786
0.463322202749178,0.7536352346853938,0.018988956217593795
0.44945047996380527,0.7834187739024351,0.018999990503653072
0.4097389276837694,0.47147717098532305,0.019041447588716183
0.38504851547676844,0.39214968725359267,0.019209575791311082
0.42379342633004924,0.8531374530968773,0.019242706376824903
0.37710887279739136,0.21409360609647,0.01927717305212788
0.42897953193047433,0.7052651858519025,0.01933169968306362
0.4455421814221465,0.7816489723956378,0.019389576624320604
0.4275320803517827,0.3025958032164187,0.019414315941915054
0.4275676354018426,0.7764735568040346,0.019508429423484883
0.42971690389502604,0.808273205629932,0.019526855565081252
0.43248191374493683,0.4872205642952595,0.019598933052219474
0.45143995519541213,0.29709278881391277,0.019611864410431577
0.42085764807695514,0.7407054259660192,0.019658906944669836
0.46346191664395076,0.5716292907539806,0.019704126649785426
0.4233220927374156,0.40509402768418534,0.01974694376782952
0.44958733063720846,0.14411870045644584,0.01977001975288114
0.42313684675811725,0.5513570194838859,0.019813494853598974
0.49917267951646893,0.4834200565128003,0.01985811787340307
0.36826435482262165,0.356849189793947,0.01989801834146664
0.4845973252198862,0.25926408521206856,0.019921640133363817
0.47571450411828553,0.3145942451552235,0.020000394878860912
0.3546662512219907,0.5866033231151176,0.020002778360178077
0.4431607037959987,0.35083409456892223,0.020026312833819893
0.4149338393494516,0.6055019880700697,0.02006430296152925
0.40747017176144495,0.5289098027117157,0.020068623624172364
0.42872040499655706,0.6790938254835034,0.02010945333519798
0.3981342876323978,0.22113034454832559,0.020166184100379438
0.4826693376441096,0.2713260912685256,0.020195010331010718
0.4771038089304779,0.4616768403848397,0.020216706083060264
0.4949662033933371,0.14420828900585303,0.020253278104533895
0.4264050976080046,0.6463374341532421,0.020338415238090136
0.4948000287436186,0.39654654028179104,0.0203388303252008
0.4031432853816471,0.4760099211287141,0.0203621657720918
0.46536398187763384,0.17829486604352854,0.02036570735357462
0.3613794269928974,0.6647925641401714,0.020383796734685815
0.4513918380233706,0.6061119720307413,0.020387601827361015
0.3788407435141099,0.7834787975156323,0.02046295501896868
0.49108231290733617,0.8200728211651349,0.02046503091927467
0.4961103734026774,0.27333916877274494,0.02050658526280483
0.3941581003369041,0.3879209694132355,0.0205154097491335
0.3932023224243931,0.5697134854935878,0.020563105814327607
0.4132911888722901,0.4653738746022794,0.02056807532448002
0.3397008758392863,0.6603994149563703,0.020581509473367638
0.40162879880476265,0.757171590582259,0.020583818240525048
0.4651775755385873,0.6993496436859526,0.020650592256686046
0.49555439951039926,0.5441512135378663,0.020694981833071877
0.43021281669740463,0.7592624958737558,0.020747443169730945
0.39667149315074435,0.6581191175616234,0.02075033947556889
0.4835660561102658,0.6362931560396892,0.0207628670918404
0.38945736602740644,0.3910301034754937,0.02081501448439971
0.4710434826091814,0.5842768558134079,0.02084756770683583
0.4286840792678954,0.3058542839809638,0.020891545754387078
0.43301114845323807,0.7851602555825866,0.020926343598278142
0.4362901271317636,0.45359289993744045,0.020975935314726295
0.4823489714877569,0.29065023129721534,0.021005891270823925
0.4371854080885108,0.2937406433247238,0.021027499817367956
0.4896696941076555,0.8174260447030138,0.02102812511681639
0.3525730540729274,0.6443399002334436,0.02106355448135335
0.4161245324915559,0.36456600163938113,0.021079157499106306
0.3707082884616679,0.1945196983003694,0.02109991517855646
0.4335082329882044,0.8705225836754863,0.02110309203357562
0.4725031252342361,0.2812097886047008,0.02110959542037735
0.47033764665473654,0.1738889778927148,0.021138001811050137
0.4456803133361885,0.6117357536286431,0.021193915560182394
0.3948313652843002,0.6134258913470453,0.02124590469870794
0.48409660848849145,0.2505653819715925,0.021268663294247904
0.472920333561761,0.2814523837395997,0.021337799748165336
0.45573606996204685,0.19604338839356378,0.02133986612671108
0.4375835683578052,0.49960134088477315,0.021365409424878922
0.4345278303777169,0.8544986803791814,0.02137259938507259
0.42399538007457094,0.5711623263892285,0.02141253795219866
0.47013570227253687,0.1841396277407971,0.021460565680582747
0.47013657433578704,0.1999236540884337,0.021515659716561192
0.42635772222283075,0.3755849955835857,0.021547938278873524
0.4226349912517541,0.5083215681251744,0.021617342505657788
0.44786471444234055,0.7530811970592265,0.021623796829658277
0.48697503601316405,0.7869760226782401,0.021662725324499293
0.4852147112910955,0.3886071528581426,0.021678022362646987
0.4653849782657148,0.24765833519224964,0.021686681805810903
0.40692548805007867,0.5540132656218018,0.021763006783143735
0.4678912920671724,0.13948358859728283,0.02181226510229889
0.49351221895857655,0.43538368946080974,0.021867971916126744
0.48717857635834194,0.8227925079376345,0.02190285231038058
0.4674798020890315,0.660096707025711,0.02191971853345497
0.3669053716141436,0.6260012179761363,0.021945900402873898
0.43530375603799876,0.7388356161334352,0.021970904851255028
0.48907604830848805,0.8437663300281496,0.021978080044710465
0.44238603021423495,0.8299342875323239,0.022026990597646845
0.4741705516518674,0.527578594309526,0.022103361865166572
0.4898532290589903,0.8975740583668166,0.022179733481439968
0.3941667042836593,0.6103835112158291,0.022193093369133506
0.47475978583438705,0.6771178981684243,0.02220048526273608
0.4634692432067552,0.375969071755473,0.022212097403508203
0.4682465951035323,0.4105841248959008,0.022233003457318767
0.3637096396710128,0.7923107502365557,0.02230715336598473
0.39690153453977184,0.2851157470461416,0.022338003114088838
0.4867231556158529,0.5133440804032902,0.02234517191609024
0.4412317298391012,0.3854170410393859,0.022355646395686962
0.4746087431625987,0.4681097992717411,0.02236262814686834
0.46246696045177094,0.4398669219061849,0.022368310653946556
0.43415668233843463,0.38792975046797495,0.022370563203340067
0.46807599969437685,0.5313061604598792,0.02250179518824879
0.44975368763921364,0.4606325843860287,0.022579946506497212
0.4384095949049037,0.43579644131382234,0.022613908800263142
0.49177575544159624,0.61624847022759,0.022665150888566955
0.4200414561138831,0.4227638741925165,0.02270772086083737
0.41956963325931285,0.2207035620332067,0.022724791583888557
0.3992800372487082,0.6414805406087882,0.022773885882802488
0.3544938118099282,0.5132871428866994,0.022779124247941936
0.4858166226442233,0.657735871675365,0.022861727039403573
0.3990011492397857,0.4952411103688159,0.022863719307534832
0.32128514714514705,0.583665656401378,0.022877226031630254
0.4568310344443728,0.7454293265260422,0.022980786704159453
0.4099108245001444,0.5953567980660404,0.02301741573508563
0.4283019561668333,0.5035377433329414,0.02303009171406049
0.39900182307982224,0.2547625813850225,0.02304570515475284
0.3624819621981058,0.3463794123813768,0.02305284573780351
0.3936798107398424,0.6350701420515307,0.023053283401284676
0.3926890916742821,0.6408860094136778,0.023092365326158482
0.398247224459471,0.6962762220882601,0.023220605300686602
0.3436869999155554,0.457313101688653,0.023268429295199414
0.4323902329309883,0.5492410233198247,0.02327122514291426
0.49362721853322367,0.13485227119886734,0.023280486783214975
0.49620013395107954,0.808231266756959,0.023303124281740233
0.42005880260841855,0.8203450592787778,0.023309633185728016
0.36093334388132026,0.15054606476744176,0.02333038902891222
0.457435476074771,0.17890726973557225,0.023331153133872722
0.49294762879566245,0.743399702937377,0.023385435801632513
0.4535213386927487,0.6088159322574223,0.02340267695943712
0.4112135972354344,0.40288989953442433,0.023421905757797134
0.49782147902765994,0.8287984934810545,0.023469326496541508
0.40414220253212896,0.46765919308336856,0.023513429531517412
0.4923867349968398,0.40978444274377546,0.023519535739977594
0.48630453080757463,0.4539602228241577,0.023547255342366246
0.3913515332746973,0.3495326220462409,0.023570896189223763
0.4911330076403969,0.36128003246629026,0.02360138018549811
0.4397497005651746,0.7640429655903324,0.023661413838694783
0.471219462866143,0.6356088675192472,0.02370135420249548
0.40445828763140046,0.3149898873467434,0.023768692676849168
0.39601582805313795,0.8140678566394098,0.023777189037116366
0.4583061145663654,0.6161617135844224,0.023793631411445682
0.4591651335431036,0.2498345060238587,0.023835596632878313
0.40181320572589163,0.6204029478032751,0.023857911745274536
0.492734366210272,0.3602884756087489,0.0238905622784658
0.3822002262382872,0.1757652780559001,0.02394994348904748
0.40234997380097515,0.29254913430472085,0.023977967800821294
0.43242766601905014,0.717432063324849,0.023978931688145983
0.4757280764299108,0.2955159866828845,0.024026123531843746
0.45133340346441864,0.5362264249325778,0.024039583902215778
0.4786096445613294,0.6940798568112988,0.024093364985213476
0.37647964050192106,0.52790750107342,0.02412760833295582
0.376256915647477,0.17708873830928448,0.02413678939261572
0.4859395591962601,0.7469424874784986,0.024139900133372347
0.3892408126177349,0.2932387930796915,0.024152966531468825
0.4923203000316928,0.691389552099113,0.024173650041915427
0.3996269018252576,0.3050569880494563,0.024215311878158584
0.49781762137512897,0.8409435031560988,0.02422050039976949
0.4455209048920611,0.41447069194786723,0.024223176381553743
0.4756603080834553,0.8371391741782678,0.024239818467258433
0.38993426332035896,0.5121338326984631,0.024266807370331555
0.48095232591767845,0.679508473821507,0.02428493181395789
0.3759756017709369,0.2662134694630215,0.024285163666906515
0.4196597747326479,0.7461853299290033,0.024471277565968726
0.4342203851131571,0.3839847417408453,0.024507691708139392
0.4962567473544619,0.6259426623721971,0.024516007792116535
0.40978797380207144,0.8502024677454548,0.024611864216016684
0.47904237890195256,0.46447879495999844,0.024619434804278608
0.4684399621638936,0.7795123622792475,0.02462860090502719
0.42575655281014513,0.5082437771243072,0.024706147522147486
0.42475539791180494,0.8198344183199463,0.024837780396022628
0.4044469154460989,0.47894356737332533,0.024880169837766936
0.4397660339409071,0.6090776457622489,0.024907302397361927
0.3806468247178566,0.3682782881324792,0.02492882498847043
0.47883957343899053,0.662163635631049,0.02492935424733973
0.4874631626276199,0.10250902810089829,0.024957052156149198
0.4565817213761463,0.5926430387608838,0.024995681788193023
0.4508792744503707,0.40532364887154415,0.025004619567576287
0.41056590426490336,0.59060211641501,0.02503299017384037
0.40127967543153675,0.5306483350937088,0.025076675577509762
0.4214940420352432,0.41920351623406826,0.025089349915814532
0.42548463639954737,0.6467531740459675,0.02513794218268965
0.4067843740096906,0.409929129921599,0.025242993887828136
0.4898029599933895,0.27322387758604433,0.02525061474422974
0.4056557391192651,0.11036715826672393,0.025252726262507783
0.4377645160543415,0.20324932315284291,0.025265491296141567
0.466975697291395,0.5791283648438189,0.025376068298285554
0.3601532033049445,0.7876567678771167,0.02538641197658795
0.39950222119311274,0.33767323070677047,0.02550972536282758
0.41924083113068966,0.24198207654226406,0.025530581969710114
0.4060504509337811,0.4808678682949237,0.0255364672844862
0.4794703626012352,0.25907874950356635,0.025543373462202146
0.46993244162026004,0.2234730282414117,0.025550482946427176
0.46477353538742794,0.8362078599575283,0.02558475010209699
0.47361079083284985,0.17551086307849922,0.025588601207485157
0.4703491366532093,0.7895079391438279,0.025609313979038238
0.381058949314942,0.2262129685200181,0.025689892224115687
0.4788759287072514,0.8735513712146791,0.025693982532948002
0.48761602420780725,0.8197622227320202,0.025738601848703253
0.45561072209040165,0.324658772905575,0.02574434890101677
0.4014829586107528,0.566575007919091,0.025903991447496028
0.37324265519247,0.671431027679745,0.026010060182061527
0.443618617626403,0.6500378952352137,0.026026957895035126
0.3670041663532909,0.31113914754703975,0.026028936971605642
0.49843834251338537,0.25938300021252597,0.026076483128216442
0.3821560569789245,0.7408556713178417,0.026149335167446518
0.47309415931946275,0.36321043650316465,0.026160818322261227
0.4952610263910445,0.5981395446697696,0.026218159094621326
0.40732843617470793,0.6254116447453381,0.026283853457447652
0.45394859912552155,0.18043361075070008,0.026309538055499966
0.38449137100029895,0.5456228373477278,0.02632102190078416
0.4482451341099274,0.4883832519171615,0.02635302249764068
0.4916683520748233,0.4139597667717203,0.02636074654318635
0.43708200929941665,0.16919893616096573,0.026360994121081616
0.40458955581729883,0.7967129548355796,0.026402694320822862
0.4657350960190072,0.8966178891022275,0.02643195027979677
0.45764496297443913,0.21987682059643074,0.026510194838801168
0.38685971358784565,0.5752494356820311,0.02651545248427046
0.46651515349229356,0.6216803126777082,0.02655108075854919
0.4910172847659874,0.3026717950351362,0.026555230974709333
0.45762873084479194,0.47002709431729517,0.026569751804435084
0.46489027267141525,0.2139399645909717,0.026597512818549485
0.4199477694701804,0.5107109199485669,0.02667035391534044
0.45902096231619827,0.53500867680766,0.026710920347969975
0.458697992068024,0.28170022644549886,0.026737327651364717
0.4734666343894013,0.3215148117651332,0.026754819755064458
0.4103428286679963,0.44838951969067653,0.026765605793717128
0.4499451502178411,0.6878470032019066,0.026766359799265338
0.48639911709656125,0.4476386312020154,0.026829511794619777
0.4736884877988976,0.6693661432573943,0.026829943791517798
0.4293046144738687,0.3642297507995963,0.026836114538386347
0.4804657046831402,0.8759786002672634,0.026892348434902923
0.4456226208062065,0.40576013148128764,0.026948170690910836
0.3812225219114169,0.44924230469670423,0.02696467056976225
0.33319074467131216,0.4620356797862224,0.02700025811498657
0.46456959885360494,0.3364052708111974,0.02700902373009923
0.42738885187948716,0.8264415341265883,0.02705054708326604
0.4908326717935466,0.35360443857083224,0.027055305373125654
0.49757042957381503,0.6045133583440678,0.027122470366652263
0.42836035577971254,0.407803689018837,0.02713037013119351
0.41536900712889424,0.528186570878707,0.02713506741579959
0.4588796598568079,0.682170955015609,0.027153885447514854
0.4328695961521365,0.22524070289113718,0.027162965009538003
0.4046963909902632,0.2825650302109386,0.02717101466906814
0.46882348024077614,0.8525294053167485,0.027180120820190896
0.40878845017253174,0.4697664213147037,0.027324324882925934
0.4010869177638977,0.7691380545022414,0.027345369160899337
0.3880046677845279,0.16650328663830616,0.027356031930553734
0.46279690638742965,0.3474694341858684,0.027416081275865676
0.3930893010165315,0.5274696165166862,0.02743661577275801
0.44374613261315765,0.8334386485921619,0.02744512565912045
0.425117173220914,0.21666844679874267,0.02746739753046298
0.486762826185433,0.2683947716912914,0.027472926378694706
0.48496948336196055,0.33610183461545107,0.027477796802557544
0.4977593428544449,0.6820418180342929,0.0275042231496307
0.45458779812094685,0.6171512451623409,0.02751847040725496
0.45136471020172597,0.5408563579793667,0.027537880166961865
0.416110345732856,0.6848958363758932,0.027573962806583682
0.46207549056685304,0.8746403323640846,0.027601389458607066
0.4926124114438629,0.7864756521425286,0.027621243460153152
0.44745640728896285,0.2783198867840776,0.027637506975924046
0.4485949608915224,0.2340036528300189,0.027646205216359018
0.3958498805166406,0.5852042090267328,0.027679614679086594
0.4421670483128308,0.16958141536170207,0.02769384602344879
0.49319656000341283,0.7213981489853686,0.02773606189238523
0.4851761192155457,0.10581158610457582,0.027770373713529785
0.4995466615719234,0.8744692707321092,0.02779664432553146
0.3918035466484868,0.3339488351463527,0.027827812060806877
0.4729746390512066,0.429685213116595,0.027869504711931652
0.4312989679402155,0.4035351441158457,0.027880855883621034
0.4778951595191039,0.37851708785674976,0.027882124684980213
0.3939853220139108,0.7984644545928721,0.027888823096231894
0.40465743781103547,0.47671294388663443,0.027917161013385296
0.38832883592661205,0.3596389006654068,0.02793097018465056
0.40261203098734455,0.23330833797516606,0.027964983366844172
0.47596455675806126,0.7512803057706317,0.027988637012290558
0.39376201078564044,0.7813323867188723,0.02803469629293928
0.48353761415586605,0.5604239415537048,0.028056457189406244
0.4713371324147334,0.7316904698045692,0.02808526181571841
0.4296813156421948,0.4344614764482405,0.028098011343419983
0.3590277566403448,0.7569877617646684,0.028100604899653412
0.4632721770202739,0.31521434630985157,0.028110260526434755
0.47554160348271857,0.5317037131874519,0.02814950204330675
0.4249100147463568,0.22539303960060134,0.02822658404150358
0.478127731492751,0.28084508302216504,0.028226755460272257
0.4403034202205369,0.48758903129833187,0.028246627230278383
0.36280356258299573,0.7274794791562739,0.028249405027790976
0.4954271956036479,0.6327137831826162,0.028259549405352514
0.3938176643758037,0.43455870963401266,0.0282923126120661
0.4524088105902174,0.17702204834202118,0.02829991364132175
0.4629520815698086,0.6746755514470295,0.0283307256664108
0.4260625712193673,0.1486146678639532,0.028339420778179227
0.4661800956051777,0.6267020870957218,0.028342500928787068
0.44060447019113413,0.3294815935110219,0.02843570104103973
0.4913516035210864,0.8676884645988884,0.028469482381949747
0.3590528187293184,0.22546788847001445,0.02849955602956825
0.43361309085837796,0.5760468688836896,0.028509475950845353
0.4564947604395222,0.5736480227853564,0.028516698785791824
0.47954042797620855,0.6004905177001213,0.028543188432466816
0.458016864518798,0.19212239005078866,0.028603297069417062
0.43042096099323657,0.22630050161628468,0.028655124282335843
0.4039384801583973,0.8226027744433004,0.02866103467147107
0.41590754596851276,0.7428079893798996,0.028667965113827375
0.39651557090163436,0.3993291416980378,0.02872144899358512
0.47334527332666165,0.8138257705832999,0.02875969180171319
0.43581541169640625,0.7437138858491599,0.028809267464412598
0.46121626513713554,0.3668554424517906,0.028815861070584113
0.4484253905799116,0.3465735989040687,0.02885214938333284
0.41493805233637127,0.673378678614197,0.028880071725990445
0.45632809740017233,0.4134692735848762,0.028885384752036964
0.4395033725510139,0.5383326599465516,0.028907049933094942
0.46411097419332603,0.40808488550436406,0.02891476214106169
0.34305716048778134,0.36043622871648495,0.02899339502928572
0.45758378426432034,0.15873470856109978,0.02902805707927637
0.4649318623270272,0.7660601851729345,0.02903041958799779
0.45162157870723507,0.1849101100248615,0.029040292782272003
0.47968803779233926,0.8642397562482882,0.029041492260900616
0.471856022644506,0.23835125038049496,0.029072681322338572
0.497891229076885,0.5477537651148405,0.029080291313011493
0.467249297928498,0.783293291334464,0.02915774338841824
0.4185510994450631,0.6159474257535965,0.029163868502289792
0.3289085032131669,0.5042275277365508,0.029208278738936284
0.4935620052233205,0.3206222290447187,0.02922985445809053
0.3879301193661041,0.35362652115380877,0.029246305610527372
0.4650356476126537,0.13647888058113394,0.02926389334773417
0.36139468209512504,0.6968054928284727,0.029274970177474196
0.4602802053750429,0.30035330002733196,0.029276972314181828
0.39289996524544446,0.22163198449690588,0.029302643044938063
0.4337159272775394,0.42189811755597395,0.029357864803389276
0.47549964293800173,0.49120853486778404,0.029362007468933828
0.4976328935634097,0.4908596932307212,0.02944528280056043
0.34954498329466854,0.1620024408032845,0.02946891323950624
0.4108232314790605,0.42275398863931213,0.029478639473995063
0.471383482224232,0.3928187304358909,0.029512123302561956
0.4618660052012362,0.1907926440539911,0.029532103620770803
0.4437118846341813,0.6960735501887889,0.029533954898728166
0.3331757074075843,0.6113067957698071,0.02959234625673462
0.4294372426320179,0.2880316349326074,0.02962174923779875
0.49942401558395366,0.29539443868670334,0.02963373942307577
0.4146999326175743,0.7493439991694608,0.02965061948204542
0.39351723563122853,0.4102964462309141,0.029661522508615354
0.429755144160336,0.3844533516384875,0.029683705483084258
0.43176695175155155,0.2510920197647386,0.0296949692570264
0.49200528218163286,0.30755696255946835,0.029716481383111216
0.32902388808487615,0.23778731795258842,0.02973462015172518
0.4873571233017907,0.6787230195183724,0.02973752182727188
0.48929320882982863,0.8596430923863919,0.029757943542153647
0.4620749578447645,0.515031422060456,0.029797434793103365
0.4358825246838536,0.5415521540950591,0.029863098454064655
0.42808310640244895,0.6669391602378787,0.029864748533211805
0.4071924487465739,0.5585329353116355,0.029886752841139654
0.3932940382899507,0.35598662072959397,0.02990943457046714
0.3864267977382343,0.22630545026627402,0.029946994964890707
0.36001890587431573,0.335103021439639,0.029986839591762276
0.4765472489289896,0.4184613596787482,0.03004757036029755
0.3694829517749433,0.5230978780485541,0.03005104599367303
0.4433030231928814,0.24312980208565804,0.030071734501545686
0.4100956403591748,0.41905113329574584,0.030074672547110257
0.4625372341338969,0.34266277304351656,0.03010473716814824
0.47089215256672023,0.11522872251119987,0.030116294783254546
0.48161293124746174,0.7652806871397361,0.030129649467249275
0.4714742712404095,0.5502238913537373,0.03013059649652786
0.3707410523062261,0.7348597869992325,0.030137705642201515
0.4343449320273902,0.8644933176821178,0.030137796638196226
0.4870272559772597,0.10121624387211964,0.030209698730257483
0.487782224252312,0.8044226741190501,0.03021649782864873
0.4418223910998774,0.7784157525807766,0.03022464603391676
0.4588315499175183,0.5283721897538629,0.03022633157465881
0.38818686024046334,0.3082480388209059,0.030324385117521058
0.4377023964785697,0.24542490487074559,0.030361910891178987
0.4678579071455269,0.6573736429512348,0.030366539202118303
0.4297181546879154,0.6366312444443825,0.03039675076648686
0.4556501376876181,0.21007706590023822,0.030405087958892178
0.4164309630696139,0.6401415354820437,0.030409435023265454
0.43709023900346444,0.5215024184471714,0.030428749147670714
0.44882583602112014,0.8523551182272792,0.030447955991502768
0.4708537250759304,0.33014245864471825,0.030517593996157014
0.4849910772578129,0.17491026559170164,0.03055984144050345
0.47637329330953415,0.6990974732610998,0.03060639196217057
0.44166768252316035,0.18239382948292882,0.030618122332487875
0.3708194252203052,0.6848871024754513,0.03062191918357703
0.41315896358194604,0.24784162249575453,0.03062481717059609
0.4429697081100483,0.2627289050787438,0.03067358819947017
0.4212341658409062,0.3244487484454915,0.03068318765703412
0.48324053319553406,0.31110475870381527,0.030734476912083804
0.4122648300863023,0.3878908805459179,0.03075235002315902
0.4782668849173186,0.7105271140321897,0.03079020916622301
0.35371838810429,0.3147638156568047,0.03079593048894882
0.42043744865988586,0.7923278650396742,0.030802110949986063
0.35988795200213375,0.2147824063679268,0.030802221544708065
0.41935739311572917,0.4447096647008125,0.030853300770218705
0.46476266718987,0.7830672646071156,0.030854556928049667
0.4544087543015498,0.3533771633680488,0.03087252258390499
0.41612622866749993,0.5783728893232006,0.03088417594112386
0.4172984063448454,0.7646726006712344,0.03088636396873327
0.45810925504167166,0.3996945784871575,0.030938776765701975
0.44871388814352253,0.5856294056279738,0.031052712542049492
0.451559183216949,0.8160628265342202,0.031055616216558512
0.44674949362694283,0.49940024078365974,0.031076800996473603
0.4628999041212519,0.44411607216610716,0.031078901998388888
0.3972617704412129,0.28064637786881386,0.031125613363911384
0.4479929563009569,0.7421113496215471,0.031155297414336168
0.443359253763572,0.7199755149005793,0.03117830968856818
0.43544348828349777,0.8123796566869034,0.031202256914164145
0.4740169071521275,0.14682462180485462,0.031221388635461627
0.4787195059083048,0.7849742748068719,0.031228541199354688
0.424819433008222,0.4370872579027454,0.03125482261238604
0.3623996311050036,0.38517766184636226,0.03126397083604535
0.42186449042023033,0.77320776208315,0.031281923655859384
0.454188156628747,0.7804539012099767,0.03135246222977839
0.3674704847521445,0.3552942057016918,0.03140202791719298
0.376873946856239,0.4587565858577626,0.03140632188492974
0.49875843008961085,0.23855697774044576,0.03142704109058545
0.4707365528037818,0.4917316107481067,0.03146834294936211
0.34066811200457986,0.42828464510880493,0.0314684378445724
0.4274775545634212,0.5981528653373874,0.031468976305690635
0.46263762969304423,0.6320872713376702,0.031489409228786396
0.41278580961289657,0.4181981632973222,0.031526565093599475
0.40291556332824674,0.5781137309140038,0.03157986339762604
0.36579299390711306,0.16687033686892808,0.03159042192054269
0.45342326141750455,0.7627242609898298,0.03160964679080988
0.4515864692318784,0.7808884806447582,0.03162901172721595
0.4798550316519872,0.5565345191724684,0.031701476889548476
0.46386486710439956,0.5041360912477553,0.031712902115832206
0.4916351325163165,0.6656145373350617,0.031732610016505035
0.3916874410451813,0.5445358993232341,0.03174521162966823
0.32944665777380966,0.5378758625788624,0.03176980290446922
0.49777893494602077,0.5413392595753502,0.03184299637483459
0.47634711357670745,0.19871172640154955,0.03185201343640735
0.4169343357569214,0.29347456850160725,0.031901213550763405
0.39594294924422047,0.7479751171785659,0.03190553810871368
0.4840207082336707,0.28237366767044475,0.03191668528252993
0.41258289233825896,0.36904551764450133,0.03195699786264111
0.4114002458096835,0.7485378089677791,0.0319638851264425
0.42048341285893476,0.7868795676408589,0.032018053551373646
0.2576053731801236,0.7054603095776603,0.032025274281169566
0.45681528601492394,0.8466965484369094,0.03203336319719687
0.49447033634645965,0.6973111764124692,0.03204755864239064
0.41913154287794097,0.533040379743816,0.03206472045061671
0.37474615746103734,0.39986909908005175,0.032087622583216104
0.4590559340475445,0.4714613315901771,0.03209172079998226
0.4323565297605466,0.26887659965672694,0.0320998226779235
0.4956798528347751,0.4086711522260894,0.03210280506744893
0.4646056934622901,0.6164750181503177,0.032103057322032606
0.4541369690884428,0.19426437754689552,0.03210932051233953
0.36802283769901567,0.3940212339656376,0.0321419334903551
0.446416419682356,0.5470008909794946,0.03216411946518675
0.4687988175746505,0.7099924598353494,0.03217933382597856
0.37286764849683696,0.3798251512489915,0.03223592978131214
0.4955273545307737,0.746461836405289,0.032245032531621066
0.47889741137542574,0.6697106575192258,0.032248399553207165
0.3775347092405723,0.8215420148432009,0.03230408230684871
0.4480332776189536,0.704813093011481,0.0323072154053438
0.4453539825435584,0.11339012498561951,0.03231159208029405
0.39877878276527934,0.4359550283803685,0.03233383098928228
0.48307528916228704,0.5274622321228669,0.032334420050130534
0.38270203992000196,0.5062542803086532,0.03237912971172736
0.4442231706155281,0.5432679789744003,0.03240015678639465
0.4934928690965017,0.7315324025985581,0.03241838689800974
0.394732937726742,0.5578325195726619,0.03244715295029874
0.49226987206181927,0.30079352120050173,0.03246439878811393
0.46504346601778757,0.23335342004656603,0.03246579134544519
0.4517586483684597,0.8410244468141406,0.03250773803729916
0.43995337170810245,0.2973442257431012,0.03255601783469309
0.3633449602176555,0.5109017772387935,0.03256398983169125
0.47482428158149015,0.1671857894435198,0.032593720624630576
0.4066685932465084,0.6435862047642156,0.032654394869231086
0.3232437539833858,0.39340765056620486,0.032673241350323186
0.39586063826068496,0.6939004337682179,0.032689993978538466
0.4004591727817267,0.38052653398723835,0.032690054656021074
0.4267494470191223,0.355605798836266,0.0327743225493327
0.4735060993078325,0.24723887124302762,0.032790647358561936
0.4490764190247697,0.16376042388940226,0.0328224923572483
0.48337327926065576,0.22388821728472053,0.03287464343393035
0.45732448836965844,0.19348717473693952,0.03292992272081458
0.4817559496419892,0.7704201355975765,0.03294889463444357
0.33067425373382925,0.3779324563331945,0.03295928867992052
0.46570301686965876,0.6501872269236645,0.03296280929831092
0.45788234559097396,0.5603705370310833,0.03297067204304271
0.4826686158448007,0.5818950156369522,0.032972662673943304
0.40084253689368887,0.46467737273319176,0.03297458877733864
0.4959139385392768,0.6020768646797345,0.03298758585205335
0.32242637398811635,0.5908317160413196,0.03300504901289042
0.34733176410703526,0.5023144639440258,0.03302278004640729
0.48475723988521546,0.42210110607464046,0.03306386146521756
0.384597235254559,0.4265719480543386,0.03308608398802783
0.4666091679523737,0.7222217835050545,0.03308765094586077
0.4214190238034423,0.6769261372554407,0.03309418348418932
0.4598919891640466,0.7186083009029861,0.03309477550351765
0.3933967661313167,0.3018998948843613,0.033119501788796045
0.3946619324380982,0.29938210361255646,0.033123082367989325
0.39024176299634505,0.6377473947705521,0.03312779457584649
0.4897969411458898,0.6697573908609076,0.03318512484504019
0.478085339067429,0.17829584727673764,0.03321594035555949
0.4151226984372919,0.509933821575321,0.033219237320981705
0.49642785394756817,0.5598095879692963,0.03327400788710748
0.31368285798363327,0.4147786803731359,0.03327455626793389
0.3727326351382372,0.3926453330231222,0.03328949281116273
0.49784771480226697,0.29259498733770517,0.03329177748663912
0.4936302729638812,0.23324502290402302,0.03330550944779638
0.4580303427666742,0.735243755619296,0.033309168519540695
0.3989203028461489,0.2151006742427642,0.033329665560326585
0.34649395886651574,0.4032751126020948,0.03336305609391418
0.4426466582027214,0.1822241973346449,0.03336913526080382
0.36340376269098373,0.44994327813458124,0.03341714323133863
0.48758875356917575,0.5274493320875585,0.03349260360056828
0.34953400989309613,0.6402682448986916,0.03350370367597512
0.3061148132676015,0.17504061240552185,0.03353787494667357
0.48923932595137953,0.36737779944580307,0.033584451424155504
0.43021808536392725,0.17114550779361615,0.03360475341128967
0.4557163107160843,0.8235591377890783,0.033605872733413596
0.46228748930505026,0.6565701568700082,0.033623455690139054
0.3622368661578983,0.5045251518164674,0.0336476390560324
0.3419998214368878,0.22856268075179012,0.03364830822802935
0.48479250435888,0.2018138492970315,0.033655800832876365
0.49593520693139126,0.7622598109651672,0.033667341140581904
0.4711177635931887,0.4369470086211992,0.033704277635553
0.408115387672212,0.5623330679014645,0.033705025860782396
0.4302282805921691,0.412558685594428,0.03376247474246924
0.39851620251383213,0.2846718624453968,0.033814676170884295
0.4234541641363193,0.22834798726772487,0.033834683985473575
0.4357665670954053,0.22370852983913272,0.03384468864993356
0.4826489187155012,0.14932101638210213,0.0338893911011512
0.3749100873839344,0.5782988025057773,0.03389566546789445
0.4594840772788794,0.5192333283104245,0.03391264439640802
0.41001667563194844,0.2692132198431879,0.03395604857575561
0.47761053749435456,0.4921612782444137,0.03399297060334478
0.29934042059742205,0.47367512632359743,0.03400216438686214
0.430561291265268,0.8535404988955753,0.03400919162921506
0.441900000777914,0.2689614948822344,0.034043143579364124
0.4822621101137393,0.5711501531109917,0.034056889683020744
0.4150428549526246,0.1512653506672404,0.03407302810539489
0.48421808307350134,0.8347693531896246,0.03412218078871869
0.4780822091347363,0.5743866916542075,0.0341472953722766
0.4385533896310455,0.6246481858169363,0.034158873831766426
0.45307536561806394,0.8469091053202031,0.03416988428029277
0.4064970747949904,0.4004417007355662,0.034253958559296104
0.45681820513832594,0.1337510426372484,0.034254746648510324
0.40137385831988115,0.2575046194041264,0.03427294222475544
0.4564638227431925,0.1579491579197958,0.034298931617124086
0.48150509210454084,0.6267742974406618,0.03433839979381864
0.4198481999975434,0.10314708727598908,0.034344613866752284
0.4872490871097842,0.8546281031780317,0.034403180943847256
0.4290068603394409,0.7489681481161501,0.03440352827315459
0.46923673897762985,0.22639773684858577,0.03444995706296813
0.4998328831143918,0.7572084448215591,0.03447112428612596
0.45999547912493355,0.589966430004772,0.03450126917055584
0.4832857255750388,0.603497127087238,0.0345061834864611
0.3533315154520241,0.6555242480373716,0.0345353914898466
0.44294639069607467,0.2344978867798478,0.03456715234738592
0.33823657108761673,0.8085219224952764,0.03462671507711425
0.34164580480527135,0.2657419309838356,0.034664158733413095
0.4469097398749562,0.1363474832991355,0.03473765845358504
0.34094943455669435,0.7108716364780494,0.03476056782626242
0.45633202411020324,0.6087801750581858,0.03476948097911708
0.4854180195573573,0.6309444527492121,0.034776055956957
0.4730906767688102,0.7713509763351228,0.03478093047055939
0.4390951921261921,0.3412681822583279,0.03481596851989312
0.36326406014648416,0.4643173926034203,0.03483257910954102
0.33822814033462756,0.7582191528190751,0.03486286594867356
0.4725383506745541,0.7657624813653958,0.034866514060526134
0.441961119719957,0.47964312337467796,0.03488342714972755
0.4033024359257634,0.26728912261763305,0.034896453503163505
0.4245661852311423,0.5054456489122333,0.03490887471044069
0.42253854720631445,0.3981676781471911,0.034977597467919626
0.4403066670081246,0.8382830269484717,0.034981306025560384
0.4981663738770121,0.7280006736012191,0.03498464633528984
0.3446873982287076,0.34699268592618826,0.034991187030723174
0.45368607575494957,0.21119234139330062,0.03499863157556767
0.41260443898544497,0.764829696777651,0.03500354815291558
0.47695128147126975,0.76654944522613,0.03502303871973296
0.4482417259436764,0.2911813327192392,0.03507043924553491
0.42052983942525457,0.787608031930627,0.03508275820090712
0.4564516605811081,0.5021406208631625,0.035105883122064786
0.4921341776239281,0.6114101246765962,0.03511534372518823
0.38219515566993756,0.2596954455491223,0.035128025822734686
0.43526399787444003,0.4551319056219686,0.03513675351820919
0.39844285637704735,0.11748829828452552,0.035148430978666004
0.4791147401236767,0.8467157728399827,0.03518023501241035
0.46487849865428343,0.7441128309827155,0.03518232846169999
0.4389516060490912,0.5888624309979433,0.03518673596891527
0.37305720973913337,0.4186589626430117,0.035192992631757486
0.47761401354832356,0.4125466403274206,0.03519528423968708
0.42466517391242287,0.2258365535607748,0.03521241308515357
0.4787437115059431,0.47306224891865156,0.035220080272110585
0.4251588846380173,0.2979387060308264,0.03523382618440942
0.40127034680076623,0.2812390321695178,0.03524792267628051
0.4070139683044358,0.7406654496981496,0.03529180874467121
0.3731002720659692,0.5052713071383871,0.03530017188338188
0.46404436147412687,0.46428258486973006,0.03530535000193904
0.45033572812139677,0.2694209629911074,0.0353066127870218
0.46528928547538073,0.1691348908840844,0.035308663015215624
0.3515465353295629,0.7367942451313452,0.03533385491601627
0.4064252959366733,0.42559022379352907,0.03540690356355114
0.3664608469973335,0.6862438396288486,0.03542586983756276
0.4172022952281951,0.726004322018459,0.03547414483710696
0.48162192387060365,0.7351006412751511,0.035483171176585226
0.392894551206703,0.48698287455485234,0.035510558963015186
0.4467651426466748,0.6266437489712214,0.03555825126139577
0.47580932971590684,0.17084496655938644,0.035558386686454294
0.3410194182684668,0.5227748960903592,0.035563690693468736
0.4079672186720734,0.42062111556441983,0.0356354281619298
0.47350155513054926,0.30905461428082226,0.035636754591874854
0.30786647785071286,0.6039010832663554,0.035642472947083476
0.31070782680303616,0.5225277965524071,0.03567039288663136
0.41657251510835025,0.6048254183887366,0.035675543180196424
0.39064120827008364,0.7593404164407144,0.03575777648031187
0.46244705313154155,0.6062636965673804,0.03580234993430989
0.4117018591797348,0.46537140296478796,0.03580332973022465
0.4962672763381063,0.2542681503996076,0.03581982211499194
0.4512933583401131,0.7810420263158406,0.03585417048276439
0.4598499137569202,0.40638580721531503,0.0358556050547465
0.39192492605864115,0.4899015991026988,0.03586100673149028
0.4813588362352834,0.6900414745634386,0.035876303012148766
0.466377251079932,0.19924131266108766,0.035878713202936015
0.3938608863357417,0.562590704156185,0.03588277527267403
0.4883010351587992,0.5679041067489933,0.03591259077564905
0.46343992529670797,0.7952052074016748,0.03592390198691957
0.4933597968171425,0.46787056767330826,0.03595844801621609
0.4671718746445427,0.6645969567013151,0.03600919564667581
0.4361250522893064,0.43838475058836657,0.036016968239424255
0.46349936977770556,0.5038519074368993,0.03603623766737044
0.3156631458040851,0.4298415027778082,0.036073643713857705
0.32242119404572034,0.44353172739738544,0.03607532997823209
0.44448997867522755,0.3370512198295247,0.03611104616492362
0.44179070361347583,0.4904162857292689,0.03616142981055832
0.40304416101633855,0.4447194704025116,0.036163423573725303
0.33441245528351604,0.6801276383830127,0.03622324680033019
0.3507769240184556,0.5229710004177892,0.03624850822326451
0.453988528530645,0.41917954614421393,0.036272977884855485
0.4933675563196994,0.7715071903278462,0.03628398418305541
0.458779984766009,0.8467953306021204,0.03631051937546243
0.48013007373057215,0.4850633874245125,0.03633735785518928
0.42780228979223844,0.7031842251736319,0.03637751316513935
0.47448860279408756,0.5818036459987369,0.03639238111840373
0.43691342953753276,0.1663188766037617,0.03639532640665943
0.490669156142165,0.6381443541389934,0.03639548048442199
0.4718898604729552,0.4895461301608359,0.0364535737301738
0.4326591378403929,0.2634336340876856,0.03650951560933017
0.44076471647030613,0.23280250355244458,0.0365616830377753
0.40327997037472385,0.6809451653351705,0.03659160490324487
0.4518245144490961,0.5634795518531038,0.0366052234666825
0.3416387366922212,0.6763927033179347,0.036620306232414704
0.4874364304466895,0.4947007245263503,0.03662751165361954
0.3893629480907893,0.5080199172040737,0.036646741576323916
0.4728540908207187,0.18526154958175073,0.036666913190946344
0.36389796538197894,0.5582038052519526,0.03667893820642274
0.4516790816846069,0.6607809343936337,0.03669014909539476
0.49826342908514865,0.14219613083122634,0.03670618538097203
0.4690152818269606,0.11975093140383804,0.036711075277371046
0.46699600583562517,0.11275467593166662,0.03671199847118828
0.4397664358946676,0.47482908270612945,0.0367242684535216
0.45854238805805425,0.4043807006849708,0.03674663356814254
0.45592649924737494,0.5516640103312112,0.03675023161252904
0.3681548542486015,0.48190430688978403,0.03675557321379839
0.39569127204874055,0.5304490218113712,0.036760150282428426
0.404030444310988,0.1895119059194964,0.036786899641695174
0.4764787003752926,0.20403802575467705,0.03680785928844809
0.49538492593605277,0.6129497170867825,0.03682284074681295
0.37968057345322714,0.24006115130664185,0.036890679837998354
0.44811388890911574,0.853143088732869,0.03693023191074921
0.32096251706944706,0.7537172445474177,0.036968118126208496
0.4535087069379594,0.3497073067199349,0.037015752052957714
0.4852566946209529,0.1540591333577507,0.037051000286715825
0.4615610340996439,0.48563211139968887,0.037051436016310065
0.3861959285866372,0.3629522557337699,0.03706113870290641
0.49323796372356854,0.23585795111229785,0.03708382644595784
0.3214391574263571,0.7547360270071578,0.037133397296807216
0.4270023384970948,0.5991955859369721,0.037142714375574315
0.4614811488293812,0.21745424774452654,0.0371612253311841
0.4508419858074293,0.5885476047857829,0.037177536849712874
0.45187296665568566,0.7227867180195623,0.0372184567342585
0.4136628334505601,0.6601547503991394,0.03722941588154483
0.36095451871755835,0.36167218492131703,0.0372503034668972
0.4995991635350536,0.2030777178427967,0.03725048853803372
0.41912660302866867,0.257259094610242,0.037288085673788836
0.4343124426822511,0.4464120877431077,0.037298601126181094
0.40713660280207076,0.8496774779266887,0.03736144854029737
0.460152346047189,0.5841212657391835,0.03737826780720535
0.42197856447602367,0.7265993316251753,0.03738371551190633
0.3868332049835993,0.5069727792177979,0.03739262577227324
0.4621996337824915,0.4859009059246764,0.037418225057313875
0.46808388423345415,0.5146253948507997,0.03745087992311023
0.40401757145133554,0.7288371039773187,0.03747737258863763
0.42565225373831483,0.753836718784738,0.03747982476951263
0.4918591545532326,0.44609518640946255,0.03750951048370608
0.4170429409294266,0.5847713423150541,0.03751242883207025
0.3780624157911133,0.46842235625492323,0.03756059929073149
0.46011333555030975,0.20599691792914437,0.03756843145469351
0.4619969187055216,0.661855519041187,0.0375699565364216
0.4961710130464616,0.23576896257576907,0.03757967378882052
0.4400812942155946,0.4127108808868233,0.03758900074736933
0.3867729503192876,0.6347002287949679,0.037595522809722
0.4455598909894317,0.6989240861650219,0.03759812398648089
0.4991074695947253,0.403063795766048,0.03763477171864674
0.4768359311696099,0.5209611324642047,0.03763817727825482
0.4740686775502069,0.4238196897216875,0.03764766090829136
0.374775314473462,0.6551691665922854,0.03765791067901826
0.34561730212894465,0.85815446195342,0.03766429584720415
0.3981257871890779,0.1630669998975363,0.037672617724246245
0.452938393523599,0.43466184726561463,0.03779864638829878
0.4798960549438023,0.7021193775090965,0.037822397522460485
0.4574247101550445,0.8517854380912153,0.03785571168578374
0.48358171573707276,0.15537981843535134,0.03790302588909994
0.4374951544860144,0.25898819590953714,0.03790827752595637
0.44254286100623397,0.8243859910070666,0.03795227874931648
0.401821264560403,0.5877380928394026,0.037964312992919955
0.43979745260128744,0.791690201364292,0.03797207931105999
0.4916952867638288,0.7593007200178598,0.03797275519588772
0.4025122272169408,0.48263730850815934,0.038062234998382745
0.4953076539065172,0.7465624670838401,0.0381022398577771
0.43922269175744966,0.5986443902085707,0.0381063948682634
0.3676998385491186,0.5185066139284061,0.03813081054414895
0.3604001519539176,0.78035985525764,0.03814092549887295
0.4061936065641013,0.5179418172427419,0.03817510541935241
0.3890715127539408,0.203416246780316,0.03821611660226426
0.37708549862856167,0.7052505168831893,0.03823701161952104
0.3994837558630112,0.4399387762900151,0.03826043153497411
0.4143332302479542,0.45289120186660725,0.03826309477386948
0.40924632233154956,0.7362316827741837,0.038267855493800074
0.43299479076709835,0.425837935024834,0.03830717110967798
0.3330589447412321,0.2693710875079822,0.038341805396094004
0.45453845351836086,0.29255926732321014,0.038350021703816135
0.37904481029635273,0.3716084002510279,0.03835284102144463
0.2826465520638991,0.7275139087360912,0.038380580036750836
0.308928596550212,0.6262448996409613,0.03840721414858962
0.4328289358281864,0.4055844932178406,0.03847389447937189
0.46549937615160364,0.44074302000175936,0.038495026729556764
0.3647302132317134,0.34526904716563855,0.03854161338957109
0.34241116624460055,0.5580637756405284,0.03856158028720851
0.4391729594157633,0.7161243366269406,0.03856500635551869
0.37144973295247097,0.6236090343967129,0.03856583728546282
0.4437849193712231,0.8682293800952154,0.03858185584258209
0.49615833824111777,0.702342071560296,0.03864127313600626
0.41404992850699185,0.42391433898499875,0.03865827804278406
0.4831935074950894,0.6642294316159453,0.03866672264977409
0.37598946620199414,0.80610204756381,0.03870978699542297
0.37447837282325236,0.46267851396009296,0.03871234531635061
0.46872885327778857,0.5584687772017876,0.038770645151158564
0.4341824754556126,0.5271701848527295,0.03877641008707492
0.3227785017074404,0.57888398603583,0.038806220295501744
0.4722769532263771,0.3132811411912515,0.03882343600702068
0.39349165050710455,0.4616958577430895,0.03884277564098512
0.3522030697709373,0.7447414111479368,0.03884822816457269
0.4119431174634536,0.5965020595626578,0.03885584747111427
0.4648571001626163,0.19261818652036544,0.03885591952908288
0.4291553988124901,0.1303387769826756,0.03885919387467299
0.46706870191638317,0.14750900609318293,0.038878009777016595
0.47597520704579976,0.4842436626333789,0.03888811463031792
0.48300999049792315,0.8256241100409503,0.038905398218658634
0.4697873748371625,0.7951183553509472,0.03891488644005102
0.41096775711721456,0.1238316769454043,0.038948905494751565
0.3577447403835833,0.59055039094386,0.03896569222707001
0.28259841622613135,0.5895777250293555,0.03896917956012777
0.4393276148575317,0.5097746527796397,0.03898145935541365
0.32872600808545716,0.4694105088684428,0.03902151467736471
0.3575078020299215,0.36985787057475017,0.03906378702478957
0.323791154738148,0.6811085060301441,0.03907306298990712
0.44296783290582276,0.10301570643621148,0.03908161573694579
0.3249733249136358,0.3070822995912734,0.039082813216662515
0.43629770252827427,0.4693684683004308,0.03910679596747122
0.4089829533565411,0.2692019891838927,0.039123587741996715
0.4712533705397671,0.1173926537225249,0.039131365448861796
0.38618207198790366,0.32147561155700083,0.03915793022352199
0.47659966932336006,0.5979280287511366,0.03916859392797238
0.4617778384594081,0.14668076576829991,0.039209460362916775
0.46782531125188187,0.4053786576259045,0.039225498974160056
0.4471687860440182,0.1828796281592113,0.03923798817048734
0.3630579126527508,0.5098863959809486,0.0392506338933237
0.4330677598597117,0.21184094611182216,0.03927312209201246
0.41113553698051397,0.31614494544020577,0.039285415818567065
0.44680430209385247,0.33436866491669665,0.03930482187325987
0.4353868255135278,0.7873434181172774,0.039325768562970057
0.45778738455197443,0.5171443660136901,0.039341229336565524
0.4398644371550182,0.7837721475971996,0.03935815494820527
0.2768980988668581,0.7198778014840691,0.039380709997659386
0.3682198774060538,0.3331631221254273,0.039395759847233286
0.3691371034476054,0.40522513397829785,0.039400623275551216
0.36829435464531624,0.7233543171525457,0.0394230752734837
0.4759245940665996,0.29198644718481404,0.03943292544464119
0.3759526081139951,0.4121741513550141,0.03944152224506725
0.45072287060880145,0.6408087143210087,0.03945590441244503
0.4157317137087527,0.39008520230825205,0.03947209428926257
0.34928761210860415,0.16492127896608644,0.03952639809129474
0.49681014076220953,0.8324745537896944,0.03956661140555461
0.40703466250159837,0.6603436570864651,0.03962353257953058
0.4306153131793595,0.8742084367344868,0.039651043753664
0.49665883329322236,0.2621488708234966,0.039667616928523663
0.4770579304982625,0.4450130294310455,0.039704584734914845
0.38289085803406053,0.5742234571936401,0.03971479841464277
0.4087764240794941,0.5429775017951873,0.039723093832042394
0.4919924596640809,0.48076734049367653,0.03973139045570383
0.44292485564933715,0.6570986205287412,0.039750549334068984
0.4877524417882506,0.530435582943372,0.03979721507236429
0.4501538887502208,0.6790733266330483,0.039807088609235035
0.402271690153435,0.6639839392002751,0.0398120731409515
0.45865220602567736,0.23702994048995737,0.03986766982097315
0.44328172863668946,0.6633310927337737,0.03987847235993992
0.4965507580434799,0.2094806353114109,0.0398838623446243
0.35374541175401597,0.5700011251389124,0.0399476097383707
0.35428338918982105,0.8034954097999022,0.03996192525163395
0.45222692770344186,0.12528298612736777,0.03996201392748231
0.4802447072598003,0.7353623879902653,0.03996269655598884
0.4420513902676081,0.5709698552695224,0.03998022858879359
0.45564856103622386,0.7055314064781169,0.04004610409909793
0.40887227807673066,0.28438224328976247,0.0400698032488856
0.30075479101251135,0.5414520440002731,0.040069810893946387
0.4102790186786688,0.5924007533044681,0.04010700555825913
0.479300041884717,0.7257868178157241,0.04012835230011766
0.4168147067017497,0.7706778636900528,0.0401364965323536
0.38150433115656035,0.3769996185633261,0.04018501070272181
0.42744426507972355,0.6364866262477454,0.040192218001115165
0.37182608402517703,0.35516756047754316,0.040221852998096976
0.40684259447684956,0.4884934142269024,0.040224712623164
0.2412706003999856,0.32042364819652525,0.040224922813384696
0.4417970188496557,0.4084468304740363,0.040228605034435504
0.4989487406814007,0.6523921518968934,0.04024324036893021
0.32293498400053433,0.3581752778521171,0.0402458663426092
0.4524573689521091,0.11514806655879824,0.040281311640783565
0.4867986179255447,0.42732325434267904,0.04030579552608022
0.4887133362063928,0.89142233809172,0.040317956059535885
0.37546189435723754,0.22571050004335982,0.0403355904699906
0.36832440159702506,0.48985375746525905,0.04034445432327754
0.4459535980010717,0.6906613620037944,0.04034471349411684
0.46929781813702387,0.3489334406698622,0.04035137903390277
0.4184173801549994,0.26504513430493337,0.04035209086779647
0.3824070172775058,0.12044914568167356,0.040362841878997406
0.451615265985163,0.15062331001528975,0.04036505453248727
0.49579298688796525,0.4775734930420241,0.040370582476869046
0.45721791118508137,0.15872932058620437,0.04037125377149825
0.29777927671056675,0.5725276094187528,0.04039624482692501
0.33482496429439795,0.4984442014053808,0.04042664526391928
0.3482426671760307,0.6634097178837908,0.04043125225143352
0.4796102683424067,0.7424532635526869,0.040437980833054527
0.43380685397820007,0.6049505992265038,0.0404506110374308
0.39950115814156617,0.4922280766858521,0.040465460011685786
0.33774513316055077,0.11206897596356705,0.04046818245508465
0.37767875250348903,0.10100729044061092,0.040477580420988715
0.44715693918270827,0.16774452954683367,0.040494396546592204
0.4290894178235969,0.5018734873116704,0.04051024368189214
0.45158535185430726,0.6447994355599567,0.04051774795602104
0.40297533313869194,0.37894517100669434,0.04053994253833081
0.32457386216906425,0.388171542863195,0.040548601491596295
0.4658752371946565,0.3988484763360344,0.040602041846249395
0.4389380260404776,0.2572440642591876,0.04060595476162553
0.3639969949605725,0.18454800388489706,0.04062308950718164
0.3055646741907494,0.3432453403257819,0.040632165119237715
0.378652439130606,0.258402424590809,0.04063550259669381
0.4606819374040876,0.2390194040493463,0.04063758063464276
0.4289687332830573,0.43279143311612467,0.04063862006605614
0.48529972348606765,0.8233182098261927,0.040653041394995156
0.4348282431458148,0.1953732282041365,0.040723130736157215
0.28299976706205837,0.5730798138728747,0.04074441686681378
0.4030822640439131,0.6028338405414961,0.040749381354789296
0.45616280411138965,0.7007761280825995,0.040760218907354887
0.3455500245539472,0.2549631362899296,0.04077044606581224
0.278731186036324,0.7743726866731148,0.04077734195312732
0.4846692273587837,0.564647036321166,0.040809483663791515
0.4397598171198317,0.4256199980719859,0.0408102852252663
0.41662814570673545,0.17971209806774935,0.04082940979234958
0.38510877939682364,0.3589505476774687,0.0408329765138232
0.39332551934836446,0.49264573024958747,0.04091760550507475
0.4310603551075919,0.775357192232676,0.040952236285803995
0.47274769783247617,0.8069795778918947,0.04097140483994102
0.41777195564344793,0.7583653605304272,0.040978048214963946
0.3708395925833624,0.3886548097712522,0.04099026895118145
0.4588897747726427,0.5833288193581183,0.040993809703746074
0.324799511100943,0.21835415738729252,0.04103791319754534
0.365384056425606,0.6062459476102132,0.04103887942490688
0.45439629378158497,0.6970725278378203,0.04110944053507912
0.32648478421105376,0.1477183486211865,0.04113125792753632
0.46678468390225014,0.15452486546830313,0.041143089203740976
0.38923870935907845,0.3416166234848601,0.041156470053202464
0.41282268261675004,0.6833340052846586,0.04119470560255672
0.4923287123251582,0.86014033097889,0.041226435798197576
0.4057692052144296,0.12452086155622376,0.041269046982380785
0.31310862753200797,0.3986243616389128,0.041270945609512895
0.4835042535115056,0.44152642817167687,0.041299767752778
0.43150585857643575,0.49731828640490605,0.04130363859793626
0.40858194059310904,0.813478923280159,0.041306755198771
0.39759672636539933,0.5106547088814821,0.041310252388966295
0.4104917181304135,0.7969881405592285,0.0413469925311594
0.371578261534932,0.40824535704377096,0.041363245751457
0.4773628363076884,0.3253498657052284,0.04137949229037953
0.3370962133081208,0.7971823242885029,0.041391110089067804
0.4491784254417046,0.564772185443439,0.0413980997457903
0.3597401099769243,0.22087962855382193,0.04142866110519218
0.43128863806615003,0.494435667510705,0.0414587700990046
0.339809267251261,0.2722173791286614,0.041465063252514596
0.41936371168286213,0.3005188743220052,0.04147007184489355
0.46587214512359687,0.6123098695682783,0.04147705691954314
0.49077639335025824,0.5794259692833889,0.04151250389115347
0.2526664674130988,0.5926395635444507,0.041526746370184164
0.3216122629848235,0.4465623735736549,0.0415308578644646
0.4005108262167354,0.6834494216395784,0.04153814566508619
0.4270811685973668,0.229172047801488,0.041543573227377874
0.35514394091856594,0.2170033484583037,0.04155856778400004
0.38812977572507,0.6794389297486363,0.041604648002140844
0.45182209991318334,0.38165791048262576,0.041632988916640926
0.39384695775547984,0.8596329056598021,0.04166383878079809
0.4172455802234112,0.14423325937946574,0.041663926805843104
0.3737912165533481,0.18827408207412555,0.041680796455887466
0.474734018168254,0.10362093190646081,0.04171589426461647
0.40197121285396964,0.676827881226558,0.04175474155589508
0.4111300447155283,0.7105804965424843,0.04176230464780485
0.30582082623938783,0.6096024332691548,0.041774387515936144
0.4838864694702586,0.8072898269611289,0.04181733917602839
0.3633333677932793,0.5441304563902762,0.0418296541418378
0.452735862202733,0.5108668822097024,0.04185277573800602
0.46976583772253167,0.8814661561671583,0.041880741281911285
0.4395219263636707,0.14574808341807755,0.041907199852350724
0.3808041562714449,0.49224216971947754,0.04194941328755994
0.33847294305454245,0.14169678469325656,0.04196294302997725
0.41073116565097967,0.7274382170022328,0.041967592195369385
0.48036138055351874,0.24928133693334376,0.04201762085458984
0.4648124174702172,0.49767301207279624,0.042040736743687246
0.3971319468476645,0.24072949382273734,0.04205928274444957
0.40963377188760675,0.7991663687821939,0.042060025038274634
0.46767826200711293,0.44312107857384,0.04209421869667871
0.42822757335826733,0.31628492492241805,0.0420948770776212
0.42861080529078965,0.3199219093293528,0.042105327512683734
0.45497510766174487,0.3076885808444054,0.04210995673856949
0.4927141117699594,0.5451391500718835,0.042114417108829
0.4972923645459265,0.3523698756416974,0.04214565261425993
0.495709143007796,0.3848681154602417,0.042146012494397464
0.4206958986372271,0.6360607497285329,0.04222344756349532
0.4199210230729369,0.2594869117954808,0.042235990350551096
0.43824466831365394,0.4547965640999069,0.04226527089344535
0.4402267454171266,0.27640842362070384,0.04228802124492847
0.38540329557832353,0.5403230068197672,0.042309067509720966
0.4460428185973828,0.2089270985073804,0.04230942660904424
0.32743890670048625,0.547189741448556,0.042350051325134225
0.4572414264197905,0.44829730644758914,0.042351375869468404
0.4959215999425285,0.71750456551911,0.04235237464987186
0.4083449999320976,0.4553145485317557,0.04239460626205342
0.4548818236316027,0.39487624185601466,0.0424014359916736
0.44669388956339584,0.43304232672899257,0.04242184358352
0.4615439755608771,0.2195717689156177,0.04242590824279219
0.4907527087882899,0.5811039651043334,0.042438005642753504
0.382047689681137,0.1505111798942231,0.04244404368256798
0.3385336307046519,0.7677664593139932,0.04248722543074774
0.2982367060856324,0.7315548272709749,0.042493404441363486
0.4331952574099648,0.8355787559600597,0.04249977120144175
0.46019484664669086,0.2674686034533942,0.042501076600771195
0.4555551587448049,0.6669526917125241,0.04251186488288061
0.4874821977298609,0.22980936286615192,0.04252031200143973
0.42194368536454396,0.6193472783972942,0.0425609739042592
0.49666565679361374,0.4132382277716625,0.04256542976754952
0.4743444347115662,0.40346596351004105,0.042572333926350216
0.2600763257580064,0.42158110663643344,0.04258866145034881
0.48716910385101053,0.18245302317964038,0.042607220505310184
0.3734830000846796,0.2212990471110702,0.04262888151152087
0.41700491168500065,0.2479540991835923,0.04269207610924881
0.3621870479857767,0.5269321333894225,0.04271967843505482
0.4779433086963505,0.6977457760477821,0.04272668197314306
0.3895837457433088,0.6150090858685954,0.04276852056765645
0.43564760009841363,0.6619749368746861,0.042778402894375185
0.47215758502518124,0.35347537292226605,0.04277891430975225
0.44829713243676617,0.26556254233816023,0.04283308804027976
0.41615278119937205,0.5119432158122714,0.042866548299102296
0.32576382887222555,0.11313541532778953,0.042931586339748105
0.4819718007578079,0.8310534343797042,0.04295291582558044
0.36082306518848195,0.47768786084286263,0.0429909101087445
0.4851708962158515,0.3996874562847089,0.04299381575150627
0.3910436607089265,0.7712767605647887,0.0429960730372884
0.4719490046277195,0.16505342659921407,0.04299849282838291
0.4414364497973162,0.2223447832985304,0.043075381802651816
0.4326266941234814,0.30585517210264285,0.04310241900527823
0.34094111228107093,0.6475807961703022,0.04311276566215105
0.43582136212980715,0.21476986599420167,0.043121578070584435
0.3114648340117986,0.29246841393978806,0.04314379171374612
0.48842957581684754,0.43854248002538043,0.04319487615990475
0.48584667365976764,0.23212329616204627,0.04321571718828466
0.3332618161295938,0.6897055099208107,0.043218209586824256
0.36156575358883336,0.35419620036262445,0.04322122509514461
0.34663959429147895,0.19012166781349268,0.04322505765010222
0.45959213689694445,0.8180930448887928,0.04323096843113523
0.324556050740306,0.6060081254968024,0.04326070977819927
0.4248280783679995,0.16026983282108304,0.0432780036614073
0.47067689483371167,0.26526191501195395,0.04329217904614931
0.3642321302912289,0.395779562584037,0.04331573406430159
0.38953788749243534,0.42484988747270314,0.04332207437794296
0.33726865032237086,0.3725301749397415,0.04337889020927808
0.4158441799775008,0.16095345953592954,0.04337962640640276
0.44817218729617514,0.7671620618752385,0.043390314741007345
0.4104006306117427,0.27755998937822285,0.04343239165851993
0.3835997082141065,0.566721469240767,0.04344594014968007
0.41574012089490175,0.778664334027333,0.04346513114008741
0.399475356830168,0.41380045345788397,0.043494611937881913
0.2894048757535711,0.41146611573862857,0.04349670695295404
0.3274983483042282,0.252115191859106,0.0434994798138589
0.49547094697648475,0.507736511183436,0.043512067470340414
0.46456845179486617,0.7691682720569886,0.043521280307929976
0.3674103429658101,0.5412396545953705,0.0435269711827922
0.39959568735170825,0.31054305399986615,0.043549918321968764
0.33940780463731035,0.7210486911706201,0.0435518371801242
0.3061700458655321,0.4710223101574068,0.043564122402072206
0.4528030868927182,0.39363898520456797,0.04358128205409153
0.42177479325490197,0.4524418430406568,0.043599690728973614
0.38453953136004104,0.8236418298393063,0.043642873782880294
0.4950051569335482,0.47918230389787486,0.04364629806251483
0.3936145386800006,0.8241497016393498,0.04375211624843782
0.3940260994504521,0.24493657647110956,0.043765904768693936
0.42761412566795787,0.5153488682078827,0.04377267710314362
0.48408936105066336,0.366638036460188,0.04378431208521806
0.4425083341431173,0.12721856898019024,0.0437911726904579
0.3348832465076216,0.7424191221835471,0.04379568413961732
0.48026351277084667,0.8787072948658299,0.0438069949326209
0.37952264984383655,0.7997714573030882,0.04382850585444902
0.4570544347323833,0.14810183688577672,0.04385131361992962
0.3550799895219636,0.6676060464346005,0.04388396248857783
0.471936551193776,0.6702198789566899,0.04388919808174733
0.47175619698926397,0.3241584777973384,0.0438983017353758
0.47141936532039364,0.5373258868326847,0.0439456141687926
0.3626177476652741,0.6408177277417507,0.043957186160862916
0.4277019742106466,0.2878730101059682,0.0439806706464347
0.43656879987887764,0.2630640911989287,0.043993121166925366
0.4742507005427622,0.4159301914195137,0.04399327521804133
0.42598311631191976,0.6822771573220427,0.04404178772506344
0.361175534491711,0.11637987897526668,0.044053835466451086
0.36064223653434857,0.23906340602148896,0.04405756700991868
0.44953289382405237,0.8356125327978063,0.04407973133755149
0.3262439283038361,0.6733999449414154,0.04409434715852365
0.4867911823569946,0.5409236151165651,0.04410143823792466
0.49598000240388374,0.45210125970990567,0.04413173655094662
0.3864401822308109,0.10209432782937561,0.04413512913482981
0.4477941062571362,0.8056357308286883,0.04414777124537438
0.3576116551514581,0.21389006594022295,0.044148673435734365
0.40594244622272513,0.44225590467028686,0.04419117257456584
0.3780799158371594,0.3652393075392977,0.044246577258831396
0.4081127465917901,0.533945533010589,0.044255759761600864
0.4343521571497554,0.7637744460031494,0.04427022307533571
0.4608706915124786,0.7197893827999341,0.04427581152871474
0.2762245222648112,0.5687941229912313,0.04430849617336708
0.4768879420021839,0.8556547224845822,0.044329028560662696
0.4816704205208351,0.35367025033286903,0.044347833991982104
0.46925492653609224,0.5044400581495861,0.04440129854448316
0.3178095833287729,0.3278004699423238,0.04440328858784564
0.4525159655314539,0.13105025095281855,0.044410066671006596
0.4282348243726054,0.3058516603534679,0.044413804387035745
0.4180294043370202,0.14198443893649434,0.04443973162308878
0.4937822291641407,0.3449072059104966,0.044451628624132045
0.451873690794688,0.5140963606856872,0.044460347527711046
0.43479300896406126,0.6791317530193999,0.04446898971062171
0.3585699666755239,0.35041174359119986,0.04447043354418078
0.47032225721023335,0.7210565624831727,0.0445199671444753
0.4900729661325923,0.5378360818325892,0.044521435014155564
0.3778491655584557,0.32054730963106026,0.044528996525602
0.39098373521386576,0.16687199318498463,0.04456214614938702
0.39628798784967745,0.47585014632021894,0.044568162754635494
0.37661335876026436,0.4209985223630389,0.04457616487457332
0.36363931692890317,0.5728054058802409,0.04459292817303094
0.47074592738640264,0.670049726556753,0.04463642220438727
0.3520127470336879,0.5349713053711209,0.044641654622565106
0.4546688463556545,0.2808774448492735,0.044650890642211526
0.4771701160988423,0.35627025143312296,0.04466452574111553
0.48401331847966056,0.5551421623972513,0.044664864558414986
0.4282877872130061,0.5470505683675042,0.044669179518044375
0.37217695410712104,0.15692368305557,0.04467605619038446
0.4901863369682814,0.2919263550819018,0.04472139908484125
0.4864949274767727,0.23179260567303608,0.0447276503675164
0.3696533820338508,0.7897425795388869,0.044737539042792054
0.4685842910757213,0.4108337759050371,0.04474384427082113
0.4529218702705494,0.4385027778989786,0.04474419108917746
0.4893939007778203,0.7238548720704089,0.04477225220107306
0.3339353683751707,0.36604744071020334,0.04477940281748058
0.3488480552568272,0.3998043729416275,0.04480187512271565
0.33240154997676785,0.49434195573178497,0.04483401714260514
0.33302477385966156,0.6573936249783319,0.04483913272662739
0.4336409891112487,0.4079874114391443,0.04485188565313351
0.4654886407541866,0.7291940592717925,0.044878494514199695
0.3862972120497107,0.3857016740266689,0.04490649819372612
0.37596292372763007,0.175234987294193,0.04494373680544011
0.45255402671623646,0.3296467637961433,0.0449638820119228
0.4510955176938981,0.5460158082104937,0.04496674959743419
0.4945870349619862,0.19980551319661022,0.04497051345523623
0.4437319314921345,0.3050750306400517,0.04501110797484308
0.31472661665714974,0.23556901885957454,0.04501712002820835
0.49694471711277144,0.6810678696843306,0.045027687522886405
0.4305723336647671,0.6915454929270868,0.04506608027674307
0.370176748044837,0.5080969439478599,0.045070317609711565
0.3758233879263163,0.6427757583412518,0.04508616289160283
0.4376170283576625,0.3454748743697823,0.04515219094466634
0.460573003086567,0.102623456302008,0.04517079994448203
0.47986068342600696,0.8097142127061774,0.045219603133700596
0.41635614634545715,0.21562196421964172,0.045222319129374744
0.4275451251771365,0.8490695760692073,0.04522484655720924
0.4674442506918447,0.1870417016191447,0.045240051182533755
0.48951952830633993,0.8832219026189442,0.04527999918898418
0.412850173294673,0.2327769557673478,0.04529371166989895
0.48783456933816116,0.3032237615835527,0.04534445712935138
0.3753312375908029,0.707078635127889,0.04536756779234039
0.4132491970178397,0.2548246697513439,0.04536898921402402
0.4203936250945428,0.2610882703002193,0.045380773918484246
0.4192571597542353,0.6794233445736475,0.04541095569193353
0.4530755364920108,0.42774521321875236,0.045413565146998444
0.4180777735186988,0.31697614156830634,0.045423030530346915
0.30272172257879576,0.88627827296189,0.04544472001197611
0.47459650107501516,0.2633579896185544,0.04544785897454339
0.45639393811127715,0.3526641505388036,0.04545624219363173
0.40095602043987777,0.394211854523163,0.04545901031868321
0.4227057559687637,0.6381046552237738,0.04546984507413312
0.3679969387983566,0.4775906672906848,0.045473293133024506
0.403933028865193,0.3692549366373419,0.0454794452044137
0.30307623519170546,0.14860745526445537,0.04548106505787218
0.49103251795021463,0.7803555056554476,0.045482735541980915
0.4601136765939492,0.8939372359974701,0.04548995234340538
0.43223261417898684,0.4002859321975196,0.045582431638959
0.42697358912170114,0.5355794198957419,0.04559252874784289
0.42834589210248486,0.8758274745835534,0.0456293979861332
0.4444254132186788,0.3599163226025466,0.045642862962381854
0.42221625532086693,0.8129281499316917,0.0456559605241224
0.40259835294265656,0.8273477164794548,0.045659221738872345
0.4979882017227285,0.44253550508633654,0.045678842317014724
0.4362533099555088,0.5285090008247197,0.045679019501989146
0.3788959339952954,0.36360536502926555,0.045681104276915685
0.3428163405065444,0.15044233333909596,0.045686508708349886
0.4063531530578569,0.43475319911879207,0.045747941819014655
0.383255750922888,0.10695577874608225,0.045769438170939813
0.4527293242452183,0.26982677161835866,0.045803082201891006
0.38682597349532344,0.16204364225411352,0.04580448975348394
0.4729889171385566,0.28586770684806667,0.04585171507626445
0.48150844675749194,0.49995833867861794,0.04585913963376483
0.35142204070109384,0.8032279447691492,0.04586340230975672
0.4472923895615999,0.20656986410064715,0.045879092322621697
0.37014405144022566,0.3079307273746572,0.04591700420678252
0.3516185587452263,0.7687460506072434,0.04592779907007719
0.39462257778557486,0.7350756115952849,0.04593132037586023
0.3040333527007756,0.5006134212215331,0.04594437875998965
0.47202906183007465,0.6379995326900626,0.0459530773265611
0.37225010143537685,0.8029213490075505,0.04595864983473382
0.44893694251726723,0.20323464631394839,0.04598733092095613
0.4853828184664033,0.5693635336741618,0.046022055013367584
0.44093828545819824,0.29192395578496894,0.04602359409809949
0.3269892487233477,0.8410182565184072,0.04602508954220731
0.37676842167844227,0.377904403172434,0.04605398351958389
0.28684958853629106,0.4863532441356183,0.04606144054014367
0.4200463575582022,0.6351850840522769,0.046103972213047476
0.3405718730880894,0.4776105191872987,0.04610873019238081
0.46319654006573796,0.4153070665987594,0.04611158432461658
0.42881625457741435,0.4693062871848981,0.046132964106990276
0.4598302901627537,0.7637886658585121,0.04613348329011174
0.45401868297759174,0.5388289602549369,0.04615920980614512
0.4235623833077372,0.31596919487412645,0.046160965196626
0.45546657362621834,0.8499234933218324,0.04620242545858855
0.4568126714745382,0.1998125331368268,0.04620886966884561
0.44605836562540524,0.5811793363653412,0.04623004491482358
0.34975804436747804,0.12228599899634718,0.046249977638136625
0.4132362839582806,0.20467647053247245,0.04625267973318671
0.4899546056826142,0.6775550435551173,0.046265698972150056
0.4404764948681491,0.5932488491933875,0.04627727453158733
0.3750664846831716,0.20791133132146805,0.04629166178017928
0.4088013489013437,0.4012008975571346,0.046352693751498926
0.4627434787136919,0.5607003121163368,0.04635569265303561
0.2952657302357527,0.17206415503414868,0.04636758303943095
0.4654952930064581,0.8557712335825872,0.04637195448381516
0.3428494459518455,0.7015627573784162,0.04640606970575577
0.3878509464381017,0.8261346759269187,0.046427153582124125
0.31529128948706264,0.6521406560920789,0.04645742252908553
0.43104545045083176,0.5426762832146627,0.04646485888576787
0.3734665340272437,0.1665277828123947,0.04647527131617437
0.3789539302183901,0.3538085041025515,0.046477294786629306
0.32220322383320577,0.6073378037800351,0.04650157294923179
0.3739044165962203,0.4984872364839784,0.04650265561780793
0.2860454828905622,0.6894664301255577,0.04650891267787754
0.4320302436068547,0.521639025310318,0.046542743981443535
0.34986063423041835,0.1443474515858192,0.046551371895273475
0.4076690519904871,0.34471675141424274,0.04657386603678274
0.4671682345586955,0.2529685255641507,0.046593604213312254
0.37805333192491175,0.2296507213112154,0.04659480068258197
0.467461790873692,0.8431803941766834,0.0465963180174576
0.4862454037568189,0.771448611273066,0.046609212937883
0.3496086503257544,0.4681758435645119,0.046614418204086974
0.316709517443198,0.39586942840620754,0.04661620309268569
0.4413586728154222,0.31743662145360363,0.04662695177310593
0.4395717395620322,0.5764887503327458,0.04662820483184778
0.27792833512310255,0.5636909547089375,0.04664769125530508
0.45047940604761605,0.8259390107480203,0.04665716881551082
0.33171883125392077,0.5693772789037426,0.04666870400679459
0.47739664550653227,0.3330260165662431,0.04667194400753606
0.4033454749665777,0.7075315550139448,0.046680572649495676
0.3417086914075588,0.8321077675287069,0.04668110300491877
0.2946254750703843,0.7313792038416418,0.04673885204109332
0.4995362968390441,0.8372770460048932,0.046748632871493126
0.4648450226804507,0.43751971997355277,0.046779185271050364
0.3906033264759634,0.6615464017634791,0.04679168558759987
0.47595809779681,0.13653186699524442,0.04682136752679903
0.45504680577904166,0.8834285964472722,0.04682137062886005
0.4402567913409874,0.8821643053090473,0.046838791066954384
0.49855143777881705,0.14479822498840875,0.046850934169750266
0.445517709879909,0.7108666174537522,0.0468727991969707
0.4888947579529077,0.4452183676004414,0.04687823543747967
0.4273821374036687,0.8315440547720577,0.046883793842590546
0.45075189930627235,0.888279156394347,0.046902586520548316
0.4174214917051261,0.8418614943411055,0.046938963571935347
0.27407246944575747,0.20846596591929797,0.04694501634071821
0.4318053902558976,0.765602702423639,0.046946582825371855
0.3859056299136693,0.7412056330536212,0.04695665221278942
0.40065762034326735,0.7125956405507864,0.046960442630719856
0.4984076155234627,0.34597248773309197,0.04697118091826303
0.3764764150481722,0.2778632995725,0.04697284796283891
0.3215704386690439,0.5900255671144222,0.04697340339188325
0.45795842921679897,0.7897904216819985,0.04703572201049265
0.44390790285392,0.3020721279794787,0.04703846323012183
0.4813361906277721,0.6978054730733312,0.04704011187047096
0.39512785688153185,0.5642482451834416,0.04704424046205513
0.46717205414594554,0.8370443263118806,0.047056506134130906
0.40588337620765413,0.11674922589217714,0.047058474494228265
0.4293687614797468,0.6078088041370568,0.04706249932708962
0.37718735325314945,0.38589988519170815,0.047076799563883484
0.4644975060566061,0.28006577258198395,0.04709012930764172
0.4634753648630632,0.8460286700414618,0.04709656678001743
0.44085353898961954,0.7152606207038236,0.047105324691086574
0.3505229399717109,0.31166063618414286,0.04713838391425858
0.45336150070623216,0.4627877911812007,0.04714337662565636
0.4047067378457039,0.33471068395901016,0.04715067206965155
0.3171317635742499,0.5450842724649002,0.04716454493662693
0.4703720497930094,0.8443270100341683,0.047178821179923794
0.440879158536302,0.5030717487894204,0.047180754891612414
0.4921688187297324,0.513895482889404,0.047192038172742846
0.4427207640349764,0.4232153406483329,0.047222887854791125
0.34582175905847456,0.3651359134889658,0.04725434728912524
0.4027974472233802,0.8960508160125141,0.0472853103490446
0.4979572655309489,0.847210502513839,0.047299612143004856
0.4199489978000005,0.727642239970474,0.047301921484094296
0.3574837645727552,0.34805960670922187,0.047310093413610775
0.35459292932829845,0.4382809626990074,0.04734415374262041
0.39322549351958713,0.723924348266969,0.047344753307908216
0.4623388201385792,0.5453480721353116,0.04734600581090864
0.36404955752939394,0.7733181148509857,0.047346320598927065
0.34710766029933354,0.5757453283239482,0.04735084187896232
0.3033634139111381,0.5017090182767346,0.04737044227306621
0.4244732652416736,0.6528967889100218,0.04743846099217842
0.3526204696935268,0.6800051400041883,0.04743905428855329
0.3630571720395396,0.3454344842301602,0.04748196152491045
0.40536832579067805,0.7822930115814873,0.04748431609895408
0.37111589881228546,0.5801242540870785,0.04749703001129218
0.38112899376638343,0.7149721849150766,0.04750435201237286
0.34588506963997334,0.26608170005278264,0.047510521836892146
0.4216556305506217,0.7565182798873763,0.047510779411674
0.43454066527156276,0.1490675095921491,0.047518229936109636
0.4732217545017159,0.7901121205391682,0.04751854702135601
0.42787891031597447,0.7153796409732902,0.04753850851913765
0.37030042797258933,0.6737443987065869,0.04755628579388078
0.35394079183843763,0.1351646861075227,0.0475995914923982
0.30694164714930616,0.4770749586245464,0.04766087555749455
0.418992266379676,0.6967123828943571,0.04771048554535189
0.2443783702476739,0.2608048168962551,0.047721872900920295
0.26032327141598566,0.1998179291747329,0.04774123026476463
0.443978943174392,0.6746053788680026,0.047760128671491826
0.3316615828127992,0.47868389707131564,0.047760805494149364
0.37400364374002815,0.32773393728967337,0.0477775552831905
0.3466588750095262,0.4889164672514813,0.04777768963134678
0.4123857821992112,0.13080373970867526,0.04779393433667638
0.4605637223476632,0.45620055035591667,0.04780516805526793
0.49041761866026445,0.4612108455287518,0.04781836385961375
0.46691716511157766,0.3686517005788498,0.04787222212456134
0.4514906635506837,0.31283803799078963,0.04787361106454742
0.44341747003596244,0.4036303296012086,0.047878209035190744
0.4523465755919348,0.14909368906902218,0.047929076773270476
0.36072138554186317,0.6776086781042661,0.04795963140800487
0.4900751885877165,0.1930992630090872,0.04801584201655281
0.45903194350049126,0.2806693836092027,0.04802138906018267
0.3881157463066962,0.5239423413885068,0.04806182945851165
0.3775866207798636,0.8210477687293066,0.04806364887415741
0.3379185884972794,0.40617490660491284,0.04808960751849728
0.45742343022192244,0.13569952270414085,0.04809294352721311
0.4724854438257655,0.8747231169497622,0.04810812498297924
0.4011572904737909,0.5689730693359561,0.04811840548160293
0.4432135343186755,0.5335849985007857,0.04812634541623933
0.36802812230530135,0.44937248520637263,0.04816922849769883
0.40605456761738834,0.6659045027600888,0.04820393443973819
0.4386209147184773,0.45860414409227246,0.04822725655312906
0.4017316809370364,0.6625264684779669,0.04826122505163044
0.41649256786073663,0.38353650034806575,0.04827281993541291
0.44180461451093966,0.2928929493879383,0.04828397394383839
0.3175219500593802,0.49065229662252163,0.04835461820651892
0.3875638064309933,0.8670252767355765,0.0483561384062495
0.4063936120222834,0.2166209760034864,0.04837097884426757
0.30850730010657545,0.18853610207209118,0.04838381012587746
0.4103127251787084,0.7506755623750717,0.0483964008995386
0.4783855375344941,0.6690141391604205,0.04841646664660694
0.44504958055498844,0.7170682304215016,0.04843131643848646
0.3195493532745334,0.7034678987876254,0.04843188410407829
0.4205566268155675,0.5526257774820363,0.04843337371257581
0.4074753446982261,0.16143651518055435,0.04844415890240415
0.37175661061116605,0.7231883140400991,0.048476320540728625
0.49127113610201156,0.6872806649289511,0.0484977523904073
0.3530201507843008,0.4353193487429493,0.04854856832274353
0.4883871797322207,0.8386916873297308,0.04855482482388144
0.3770041686266138,0.10363852229506945,0.048588659454776424
0.3015984902787772,0.4161456255514845,0.048598712754493054
0.4611156340610244,0.5331503122400377,0.04864573715215928
0.48191398261340523,0.6671650991314969,0.048689310199531405
0.3265693668003532,0.6084834475268737,0.04870521391012992
0.49427507627349376,0.6815541935209423,0.04871192562041073
0.4242119463519963,0.7441438696110713,0.048725705846682316
0.33869301030552396,0.38451486563619974,0.04874437785125126
0.4042110096053858,0.5929090784376282,0.04875523342781753
0.4406477300196371,0.31855904492504844,0.04881670942011065
0.39002485766772244,0.4675655196951123,0.04882670118299757
0.3307486493450362,0.353734200385889,0.04883176678374955
0.4563317955812508,0.6241805919427816,0.04884998935067385
0.4707794756214255,0.42999664631311607,0.04886048394419565
0.413426144292518,0.41139355830229196,0.04887828114645793
0.3377616031853393,0.6622649518667173,0.04888608016406234
0.49118737687796477,0.8857390203263659,0.04890614808346779
0.3263543395915395,0.24538753217401776,0.048914939462450714
0.47865504671164105,0.576134334236685,0.04893000970320808
0.3643642435168283,0.4670692534906701,0.04894200889675577
0.46435567937649824,0.578141494498812,0.04900651727696298
0.4678594682415348,0.6577233699256677,0.04902044080746152
0.47773961467892134,0.43132121885787866,0.049030892559225894
0.4419006769838042,0.18045808913766834,0.049060355608351404
0.4659256630873714,0.2741265840150513,0.0490623327065273
0.3845797261244088,0.656093884342664,0.04906801751227178
0.30257475436323783,0.7806994234152766,0.0490805787416873
0.49489118581261615,0.24830995237497444,0.04908445427759434
0.37117310438176343,0.5403119859230567,0.049087449822183354
0.4666725176614199,0.2822817983544377,0.04910420165238836
0.4856758062888168,0.1692058040861279,0.04911479114413293
0.4410708622829004,0.6834268367517013,0.04911632051739367
0.4370788970141858,0.6363620075335987,0.0491455039920124
0.4325680526850282,0.19661804351706805,0.04915141653865451
0.34232744311774854,0.11196469060892662,0.049167719905969076
0.41021125578308304,0.35006153818404606,0.049169612673792926
0.4139091885747266,0.748999743190848,0.04917234162702274
0.4056333999702799,0.17939248094597682,0.049203681311195624
0.3782873874832037,0.20450013609202555,0.049221215109927385
0.4218774567070941,0.18078124335100274,0.04922407248253901
0.42695782908500546,0.26445754773160673,0.04922986269488602
0.27781618828970833,0.4862167213971982,0.04925038168334709
0.3548270123184175,0.45743263237922827,0.04926841061146261
0.46981991863811945,0.8053892396600809,0.049285357510589954
0.3463126953277574,0.18813576169747004,0.04930910586301781
0.2638552503933077,0.4642196387149967,0.04932599240028576
0.4851568630822758,0.7246004861779822,0.04932963480704328
0.49470923361603525,0.8581503481352484,0.04934207837094333
0.4636119573078673,0.44338172403484777,0.04935620279773898
0.4850406438760203,0.3133498712388312,0.0494192026763245
0.3975676231676698,0.6514762789297144,0.049451760659040785
0.42748832198133524,0.7926952770707867,0.0494528902959359
0.4063350669610508,0.1216016737829575,0.04946656396994881
0.32811481591386427,0.6161598728585269,0.049469853128251716
0.4444578922453687,0.238047976833521,0.04947208324693993
0.4824493451441294,0.7393664141413558,0.04947276206944859
0.4497073560862136,0.17165404259421618,0.049478301014869636
0.3448740617383662,0.24330998267728418,0.049500196104468354
0.43149285897029843,0.48047913207735504,0.04953529572669346
0.39417263496238497,0.1421033038330869,0.04954977110135356
0.40022086269522283,0.23357046477268595,0.04955559426931601
0.2924238671882111,0.4709969446301686,0.04956048802820504
0.4880568994896498,0.4756816575086771,0.04964581934322102
0.4055883961641248,0.33821538613143143,0.04966156232132568
0.36777279072512326,0.7272192544562244,0.04966453197214711
0.36062942073576476,0.3173716593185916,0.04966981073553447
0.37049238841502374,0.5822964193646823,0.04973831008201279
0.3984962908771291,0.23597340794512134,0.049750015406163244
0.34998381677405765,0.6183229784235422,0.0497627750928016
0.4723248606055339,0.4798842151314243,0.049776432638712564
0.42780177746244996,0.8843342561397435,0.049784343654453195
0.450910090984905,0.6097248431721896,0.04978596733120706
0.42178375123438316,0.3800242166613427,0.049888124236955524
0.4245376573375341,0.7680570502776914,0.04989647194162147
0.40993929516876604,0.7829744478808912,0.04994873558932753
0.47517621540301125,0.7521658600644184,0.04996759156405737
0.45843758496350895,0.21763913260570986,0.04997067653499729
0.4836165802274951,0.8010399310122732,0.0500037834294915
0.33098201493291507,0.28092474911098975,0.05001206592226607
0.3037579975961332,0.7780876224931123,0.050017083234917215
0.3697851485924192,0.7402375748684235,0.050022812596939956
0.3933148037198918,0.6247997567767791,0.050036744296604554
0.363153438784396,0.23832664800192785,0.05005450144076017
0.37035822768868376,0.4342217865994401,0.05006829989397991
0.3651777447650252,0.48206358058097,0.0500699396679361
0.48126236730430694,0.6077454430242707,0.05010149088862138
0.3957697122324898,0.26951264033580485,0.05011679586209019
0.4938303938405194,0.49372413501098145,0.05013212592124759
0.4326556443225801,0.3576791309331634,0.05014368442441394
0.2512917240902435,0.48350482829458763,0.05014444701012593
0.45780978172546616,0.17554967942373595,0.05015788317728226
0.4268349100743499,0.7817749684945573,0.050208335760571175
0.4902263532355168,0.5825298086051198,0.05024042812195401
0.41355641301929225,0.546086469283423,0.05026645064673608
0.3669497504408953,0.7177562118164488,0.050268068932055716
0.37818186954822586,0.21190458730801495,0.05028537500354865
0.35929309098121076,0.3832806344784633,0.05031455824687479
0.36879870992093267,0.366309482484087,0.05032212459551614
0.41286700344020477,0.25745309520769855,0.050323991813468444
0.44206558819742214,0.6246870408748768,0.05033408917874691
0.3064212786282719,0.7759930502620311,0.050337830054644234
0.4785003897357243,0.14282772410285258,0.05035298402987373
0.4566996514795355,0.46973977125510036,0.050355124889577094
0.45809535190124195,0.13335759041431716,0.05035793508442114
0.48011272542910943,0.7506915444377572,0.050367678213044026
0.466404659798763,0.18168739409399645,0.050372313290822195
0.4369446061087062,0.6636189854976706,0.050386396897898096
0.2973124811179516,0.5947634698975298,0.05038807553091006
0.4565562628938524,0.6450299339071145,0.05039687626358338
0.41572503251206183,0.2517749771981729,0.05041248083303176
0.45589831863506614,0.42772403313744645,0.0504139899161828
0.44073010030186743,0.18047243997276194,0.050426658126331896
0.42791669904890184,0.8874096755925384,0.050433134342160395
0.43291516754886605,0.2585735586327379,0.05044050687123933
0.4209406665917257,0.6228586371287517,0.05044290799864378
0.3351706191822311,0.2354767336683679,0.05045143107372252
0.4187471857547894,0.4920358489915093,0.0504617197809274
0.47275263199333606,0.8419955083284869,0.050469213591326535
0.4492296981645123,0.8732288010737882,0.05047233087020136
0.4317311184784881,0.18794766217932476,0.050485116757610554
0.3925818417130663,0.15580679718507753,0.05048912639598207
0.3128526976996313,0.564963523358062,0.050490876418842305
0.402358213363893,0.7171457432649386,0.05050341540491967
0.44242780417467265,0.8611643064578315,0.05050756791301363
0.4775601334832036,0.513752437639334,0.05051070021070467
0.41784228955784286,0.48746841405039043,0.05055532956201889
0.422280607206997,0.6177936782589921,0.05055619478461232
0.309227054469314,0.4600798253279307,0.05055716780836772
0.37929755873051396,0.8511152163492405,0.05056710369107221
0.44627736080555813,0.8296327793126923,0.0505769930611879
0.31599213762395106,0.7273674922958617,0.0505910451906917
0.48641988342403375,0.11385857013804729,0.05059424806471169
0.44522457357961454,0.7406906692420204,0.05059778874809668
0.4900222209454981,0.21908278777569656,0.05060787735314536
0.40989429354754925,0.1444585563579123,0.0506295923590223
0.40053356992525224,0.792609251509281,0.0506582377205268
0.42803851386795544,0.563721432571645,0.05065830382869608
0.48930900416837597,0.7831873985800474,0.05065897924098058
0.48532561853485057,0.1280877197330007,0.050708072571306176
0.40160352103131103,0.7307576938826547,0.05071128347847532
0.40431679885701965,0.39361060443306517,0.050725215405948904
0.3274920678134585,0.6421072418586794,0.05075521092886442
0.3887763371907892,0.2548145412815749,0.050778322408962004
0.43676282214912154,0.2934708652764464,0.050818913243327754
0.3962500784643085,0.22607500493522548,0.05083102988856629
0.434223222459608,0.29990576303383576,0.0508595718875988
0.4496738154200214,0.3211467305454779,0.0508672641777468
0.252399107690628,0.2742419261774609,0.050870223401356454
0.473061385266735,0.4479356125986116,0.05089705006936144
0.4775140944743508,0.22760124086075548,0.05090689504840667
0.404325709558658,0.33192043693964585,0.05090831333036452
0.3629374607858281,0.21806953210400082,0.05092395261475899
0.45326525748996505,0.7772886968482718,0.05093808770482923
0.4235184498918151,0.32025407915701687,0.0509424099059165
0.30269444097548825,0.6284331303800876,0.05095914129964693
0.4186829647308449,0.7256828706413034,0.05100409480410989
0.46082480483142385,0.40379771503103734,0.05101338318453633
0.3478912089382351,0.7671270072115591,0.05101925080858408
0.40898229806245034,0.3904858294719895,0.051033351514006786
0.4617853713928549,0.802150585840056,0.051033366433557104
0.46096288178811073,0.7337063404710865,0.05106754435103225
0.4958332571468683,0.8077302488935109,0.05107746716919536
0.48965665926408286,0.5540811455571523,0.05108595559971123
0.3999565472293841,0.7355242281125681,0.05114644258286575
0.33689478983864807,0.26934483746774984,0.05116557555717034
0.4001019567875994,0.7019844641891058,0.05116680903271921
0.42919126157568677,0.5400350576948446,0.05118217024468294
0.4308341338857279,0.8130531486753637,0.05123412156300125
0.37993796135640523,0.4782896788692147,0.0512394554473592
0.46863089304761085,0.29925363473219396,0.05127361240768556
0.3801597949817429,0.22008401948427744,0.051292368998072956
0.3598635009660941,0.4861349419078439,0.05129600813388424
0.48619749016729796,0.20603173022546867,0.05133526574009123
0.41603797497950323,0.18076447971228957,0.051337682228151396
0.29120028515786334,0.1309832834689857,0.05134959804541324
0.36431463506377826,0.19055699584570648,0.0513680033481836
0.36381467645338106,0.596566000816555,0.051389662415063625
0.356622021131495,0.32129482938112264,0.051406076647446765
0.3976534319943492,0.7878876517996888,0.05142036918021845
0.4734961372319786,0.6156883435662526,0.05143806975871716
0.4563974376821237,0.7709437710554438,0.051440872681915745
0.36778199526811595,0.3452379961839911,0.05145830872693371
0.35155396913099546,0.7657676037406149,0.05148293639264629
0.25960481600964813,0.5269126843591772,0.051508009420002006
0.410328913368729,0.829128822271648,0.051518178619377464
0.39567697223004306,0.5473328004409914,0.05153357667684055
0.38319954105232346,0.8438467157735949,0.05154274902131421
0.21809776375145928,0.368516416223026,0.05155113897648824
0.44935054130706076,0.5111726799396028,0.051561917789042976
0.4196889869866274,0.29889226405794167,0.051620787955573115
0.3124390226203301,0.4239980686626973,0.051626103950984964
0.3735518356994857,0.38571223241087105,0.05162683051674939
0.47102443332067356,0.12079028108136268,0.051694918924504986
0.4674753317933169,0.20989045140738868,0.05169571130822549
0.4158414565007348,0.2057714850495975,0.051709207662982724
0.40694785702058067,0.5253540809395304,0.051740986506203804
0.38072084423033314,0.7190652507666955,0.05174365541655267
0.41694253428371797,0.47286208453173595,0.05174694050056978
0.33982670369996826,0.6830896871629926,0.05176787721548433
0.41761811895199685,0.6052226820335914,0.05176835443599013
0.4316167254236968,0.6689190721467526,0.051785606841483575
0.49268366663233565,0.744214541043599,0.051789615605903234
0.32885495879301163,0.3504768836192613,0.0518164024553077
0.4104050769999694,0.7069007705473211,0.05182489523683393
0.49168892055664004,0.35610956102526237,0.05185014861991219
0.487525411069328,0.468254907099684,0.05187990947782091
0.40489073103497264,0.786854319232988,0.0519128922641692
0.31627638897743593,0.6731460525993476,0.051921968594622926
0.4690774065014297,0.22223335668137809,0.051930816195970515
0.21355164475002952,0.698276153459526,0.051959859788302365
0.4944345655156317,0.5016836670237828,0.05196453776180376
0.4644342455003595,0.5224444265185411,0.05199653849987903
0.49843005289098163,0.255927315124376,0.05200362079978067
0.3306264144959,0.16385136178848664,0.05200374801465278
0.37798665985700297,0.11580274632138057,0.05200539320684252
0.4193777312421071,0.8573277026311666,0.052019631412701904
0.48132147185261354,0.5726181952194335,0.05202148355341602
0.30540862713249295,0.7125038626743928,0.05202621432539583
0.38830667062272217,0.4698584036814355,0.05202673381424352
0.47107603510467766,0.7632003838905165,0.052040170115745216
0.3336186464060099,0.44764946817425266,0.05204074701925477
0.4648015969626086,0.615194963933828,0.0520477458058322
0.47609765909753954,0.7752653880533036,0.052049464176323605
0.40808483839495924,0.15811371768327342,0.05205668930715537
0.3745492682542493,0.6620372464585371,0.05206654695470258
0.3645522543845333,0.1942751688754319,0.0520721702506268
0.34891977351807135,0.28551164520711614,0.05208806017459378
0.4351541273271441,0.48913409090123616,0.05210536259176391
0.4932728658526768,0.25138695961420005,0.0521118051840955
0.4017171444763956,0.7550240942836987,0.0521404625722016
0.37698580615001187,0.8665382772306842,0.052162700465566515
0.41621273297078953,0.7456486426213934,0.05217422978767553
0.46111935817260774,0.5443898832893258,0.05219353615389443
0.40290704367922936,0.891325757001249,0.05222451232049329
0.42122128439177653,0.8124423550841351,0.052246365822733384
0.4277140203459404,0.5595891120100928,0.05224653564727507
0.29743328894560084,0.38745383517587617,0.052266820559227926
0.4228950516959381,0.21754856172514714,0.05228150055249896
0.4657077332737246,0.7065062783568249,0.05228536796576359
0.40095333422773716,0.4927772536987861,0.05234899405989649
0.47617039429682206,0.1286639061611232,0.052352151465217184
0.369200290246571,0.33405885850469536,0.05235331569603329
0.4228179766903657,0.7096928351700597,0.05235763362103376
0.4878579212829498,0.7888319159605638,0.05243475472387799
0.389920969087983,0.7902643076942696,0.05245725128108454
0.34653402620436846,0.34995259139197527,0.05246727609907087
0.3791684375315837,0.12825378363447637,0.05247672337631987
0.4624554454522358,0.6249461325548302,0.05251269685820636
0.46901702770922926,0.7794262837174586,0.05253920937299731
0.42501002596954796,0.4033064737484917,0.05255570045976375
0.4588822253347886,0.7165080561273218,0.052561494008075894
0.49139982108476843,0.8257124432865067,0.05256880494468647
0.49545749938902905,0.1435490578860307,0.05258734466657346
0.47061332386364607,0.5226508287146058,0.052591397756471994
0.3243829729908503,0.4808408677724988,0.052591836944746444
0.39258864840210916,0.4622008409933972,0.052647185451613863
0.39866179239949184,0.3292072140921909,0.052758942303936816
0.38413808215265866,0.26689796831150703,0.052763375716681625
0.4446846780649697,0.6382637226583212,0.05277356342934005
0.475304731784025,0.10083423861650198,0.052776558448698524
0.4088916898744186,0.19329859379534683,0.052788184173698856
0.43368162271552,0.7266144897893038,0.052799115150964
0.4255540052948369,0.6874086874689327,0.052805851247688655
0.3634910321961732,0.6919575004153151,0.05284408670979924
0.4112614182922806,0.516983985826411,0.052870940532433866
0.3380495342302484,0.35717364008976926,0.0529099313402227
0.385858616941003,0.6873891368882481,0.05292315871961476
0.45437247113913026,0.4220892015566491,0.05292318320543974
0.29407551751705807,0.3282949986962865,0.05292485950803335
0.43379648936701254,0.27045391551551423,0.05292994196428619
0.37716164812005104,0.6323378565690757,0.05298456438782072
0.43662415947406796,0.46677952903389475,0.05298976684851023
0.22985643293067218,0.6693616322742695,0.05299076428018011
0.40708362826317435,0.8139551182536647,0.052996415071370435
0.390315373143297,0.13082397449338778,0.05299662859926745
0.4982164283635121,0.45070630076450624,0.05301448246762777
0.28275573729457226,0.7093736944317922,0.05302285007640169
0.4334123782484579,0.13418465363755044,0.053027403665792505
0.3912238961335587,0.49636892511032105,0.053031903563947456
0.47999354920663306,0.541061963362769,0.05305944989597944
0.38806619679904264,0.597646167274087,0.0530710467913549
0.3093244426446715,0.33106565752198935,0.05307918861714764
0.3615156102687783,0.8585777852393811,0.05308206398020132
0.478797088566993,0.6615125543251622,0.05309850384548662
0.4443070686288131,0.7658274189489768,0.05310647333762217
0.4731499992517969,0.38828349962437836,0.053128569912810966
0.23400726608672745,0.543044101001041,0.05315041058612242
0.4957670937126044,0.26259275440533647,0.053200707232336115
0.33688712404997645,0.2350610508636084,0.053229015219559604
0.49433523114158506,0.5707364977791324,0.05327615529009847
0.4331743551928051,0.2854615986268721,0.053346545724996516
0.2876910722819686,0.7548622242036975,0.05336120179087246
0.3469676940337752,0.5750792218617828,0.053365050518962155
0.4024916597539394,0.6361819195843798,0.05336622010479122
0.4944280003278485,0.28377603959667175,0.05336643468623068
0.327439685825466,0.3224411848645652,0.05336984049422232
0.29511289959682496,0.33507505674814797,0.05337394464623493
0.2741430020389146,0.6483895009184617,0.053382180728985575
0.4284334686860626,0.8171437548204515,0.05340963537733215
0.4484651904155025,0.679847523804534,0.05340985516075299
0.3447828097175337,0.7850994963117975,0.053422092198936726
0.4863836889087164,0.3677985095403812,0.05344016322617373
0.3961809521535459,0.368916659336743,0.05345868944310234
0.243541146099505,0.24181605056734812,0.053475110158834605
0.4553790530417833,0.2732518183529761,0.05348622980292647
0.3800548425302469,0.7228270659318493,0.05349486214376123
0.47072457375538057,0.8244840368733666,0.05350399500594444
0.49866581047375347,0.6379590432724587,0.05350854513328356
0.25365829820070007,0.21559858880572094,0.05355145512040161
0.4165466113373958,0.6554891732427425,0.05355358076211321
0.40024176556555424,0.12788430596139788,0.05355624289101475
0.38602039222892925,0.5934375709619715,0.053584549740689366
0.3779009928155538,0.44279701587221276,0.053594683506595985
0.4720637082229261,0.7810068995486483,0.053606710715586064
0.39859213359640944,0.24754466266022235,0.05360835683857507
0.43657074279831165,0.18799453730686164,0.05361330428598376
0.44174170266719526,0.6975367966645466,0.053641196385299274
0.4144157118870585,0.3148936995361873,0.05364361273398791
0.40988382654100874,0.35628410189350723,0.05364449571229515
0.4889557313040982,0.6825403757433659,0.05367499541961961
0.4579985009463797,0.5460341499503033,0.05372306446269265
0.46429825635813904,0.5030638985861019,0.053727149452875815
0.38251358093269794,0.481775973155244,0.053784876946740036
0.4555769229693395,0.23770357244061363,0.053796234234336916
0.43517914683779024,0.23542338552364514,0.053802959229612014
0.4159830037775806,0.16979600703507874,0.05380470821945366
0.49832884827540724,0.3639848986393639,0.05380774896329604
0.4655545005264501,0.5388440860633981,0.05382809917059977
0.39354032434461717,0.47601237686279363,0.05384072290833383
0.3268913508937712,0.5262466651140322,0.05387180654907055
0.4460787117589997,0.2615842689986172,0.05387788221184637
0.46910288407318235,0.5586717009997053,0.05388192323401545
0.4918083534104766,0.6334412807054278,0.05389983691916934
0.47101256477623565,0.353222001353679,0.05390813133367549
0.36458974633602104,0.7410699030701842,0.05392119744620058
0.339860892631192,0.12667055572840155,0.0539268431994428
0.38856286241937044,0.39462983618011094,0.053936022777157325
0.332655248946677,0.20250399288661863,0.05398417092241148
0.3175996889353745,0.33857529662566527,0.05398426373746383
0.24410424763514055,0.8596435119921796,0.053988533924598445
0.40353227016564674,0.4845456948109925,0.054000467769059465
0.33341830320451155,0.162377332277285,0.054008093300022646
0.4623790306786987,0.3349037061869534,0.054017252725975434
0.3162673999701594,0.12966139747964825,0.05403038435153541
0.38685847076111646,0.42115822193111785,0.05403047276283405
0.4269267049689679,0.532308372897389,0.05404105964089815
0.4203858098760349,0.7406539264981054,0.054094718656474326
0.3266833616604786,0.2477426798013138,0.05412386885174536
0.3407281589820994,0.6330116139433298,0.054124797194198396
0.3942044840124781,0.3833695084021528,0.054133309765767294
0.4470520333695358,0.7920835782884088,0.054157287511173755
0.4042664122461378,0.36170541361582975,0.05416055012228569
0.3880763435980529,0.22199527820167875,0.05419848409576933
0.32680321925967015,0.5547478077505785,0.05423164150051545
0.3301394004553882,0.22027874981291504,0.05423850236653929
0.3548560033395698,0.2539525581077826,0.054241800111316095
0.3818487684112345,0.6749801716131107,0.054263400086757244
0.431726509228334,0.32526841990173355,0.0542645726712083
0.47579035532381986,0.7640671540566196,0.05428175752064919
0.43102982633631337,0.6228924704817211,0.05428949155288295
0.3978674112000459,0.5718433131862292,0.05430209078021708
0.31066932085332344,0.8415598222893105,0.054313774417485056
0.4085229850614447,0.4183097374773245,0.054322276388079065
0.3562598240198934,0.5544019738830243,0.054343391535965506
0.38825164901806,0.5503451571806813,0.05436987775230252
0.41856672918371707,0.7012728170667912,0.05439424857145627
0.49227903692679964,0.8095928074110776,0.05440289681034515
0.3528745663820658,0.5135370618361303,0.05444738562087519
0.43675879541925455,0.45146845545760717,0.054459159198265064
0.49116555812263263,0.39821841148273396,0.05449145924928274
0.3685017332124516,0.4866992104324418,0.05450241343787587
0.3685343422207329,0.26329227027708263,0.05452090602394898
0.45957809755288703,0.3977072532750606,0.05455497080432394
0.3179229012959708,0.33860232470429874,0.05456805624895075
0.4909281133187181,0.8377287818901703,0.05460215097402076
0.4365811332788977,0.10910646865202303,0.05461482625015658
0.3887369868239716,0.625383060959974,0.0546204004354575
0.42549819717018145,0.4350257349136356,0.05462865549016192
0.41288411583991647,0.8042470896754679,0.054641767598263294
0.4116623562529206,0.756509101185223,0.054662651160656626
0.35620502894046435,0.5501212673840328,0.054670224824413624
0.3000648995006525,0.3863695215425017,0.05469350014993574
0.46043419068509495,0.3287947634774344,0.05471224022107162
0.38693818578381445,0.41781566929914626,0.054716388177103004
0.38893978666716467,0.18661213316634992,0.05472310323071857
0.32739807770456475,0.6638990036498544,0.05474095638121418
0.44454784574506245,0.2260615413764936,0.05474636141317258
0.47877262083307226,0.2447195505827339,0.05474826999088633
0.35314945327968383,0.24573508258377413,0.05475273699093188
0.24273658287001743,0.21909385376003634,0.05477116661232658
0.4527490581135677,0.8785248786564538,0.054800423996643026
0.45545792806771757,0.25193807845007515,0.05480162504341131
0.4975613865244939,0.6639511753515782,0.05480689365137328
0.30955840160538173,0.5818414092030046,0.054818834100827704
0.4991237614700691,0.36353060474247245,0.05481959792159263
0.46710655610282414,0.32773942098592723,0.054824321773759635
0.40304420274428443,0.17616115367557159,0.054855131393580586
0.3029219273118863,0.2161997372767579,0.05485918942063911
0.3467118164991523,0.7650448112574472,0.054880469501154244
0.4024623662577883,0.37716163373029565,0.054890685281535366
0.43557196912766927,0.3847210919040305,0.05494095796223079
0.30304208725971216,0.6982028067316606,0.05497063747916722
0.40168874803494914,0.578773524269771,0.05497476475682032
0.46714831830149117,0.16845206992307532,0.054984852043232564
0.4006269106066417,0.35068615179664353,0.05498501008580979
0.3753986240655782,0.5091295116567446,0.05498674096204063
0.3564562751929803,0.2885063864981181,0.05498990716425989
0.36352142708614166,0.8064977880146372,0.05499261705823352
0.4309076962101218,0.7816983501355683,0.05500390809374453
0.3530324331406707,0.10717100035201464,0.055078648100588094
0.41233446535850315,0.7330268335855293,0.055083757256075803
0.3325888156333755,0.30862379430676623,0.05512101692004425
0.4428853359801054,0.10279858686935582,0.05513143616297262
0.494985486266342,0.8757820663726029,0.05514353193836461
0.3069748683951133,0.6734757316110674,0.055145605131030576
0.48931649581042513,0.6200014550415927,0.055149443416089024
0.3953419975278777,0.15476412251360944,0.05518235354195064
0.4658692266057244,0.48684613710387736,0.0551831458168673
0.4652661273156208,0.5341835227470181,0.05518876249597719
0.2559426425220357,0.5236436910873983,0.055190002223641975
0.33436210497692676,0.21600848554548682,0.05519454275508391
0.41329286238968577,0.33768565584345567,0.05519921592539999
0.4866583642004828,0.8399131572975963,0.05522002477127996
0.4393332256875996,0.20752726381712652,0.05522526005078039
0.25920406148651554,0.6809540698078469,0.05523405585368275
0.49516218808284895,0.44659071272549056,0.055240070688510265
0.3493141748082573,0.24877658129981228,0.05524687131271338
0.23380995151691272,0.8256934831927674,0.055269126689540586
0.4814427566999673,0.4440201056973184,0.055316028735988426
0.42151458227174554,0.4090231067347937,0.05533852964833355
0.3100477123145109,0.5321940482717483,0.05535866532160186
0.37150165312203265,0.4468478241930869,0.05537178407071151
0.4481926499949017,0.2791730598025055,0.055422440852077336
0.49257615042254876,0.24981698618696122,0.05542432837573572
0.4959859757833798,0.37960664620995554,0.05545837296390898
0.49658819391442743,0.4150979985532106,0.05546760199152463
0.31307729971444537,0.11586991734764657,0.05547621395410638
0.4062814875901204,0.6360427618719855,0.05548467898218734
0.41897606924758535,0.4293344934697657,0.05550429504241698
0.33103124203265577,0.375352564819316,0.055526456442749304
0.4034885235911937,0.12707480796337337,0.055537035558479865
0.3352519505748064,0.6758479931165736,0.055539719840165994
0.3263427923270197,0.4008250794116983,0.055542309264086466
0.49596872109654877,0.153564032728091,0.05555619042188631
0.42642069916928715,0.41018790113825065,0.05556085578329574
0.29265893787028247,0.6202511906680251,0.05558579951495644
0.4521040838556588,0.23417236964124283,0.05558657668099439
0.35500861252947646,0.6260133282926668,0.0556300247349452
0.3963002264694906,0.6253250032488825,0.05563629168973253
0.48762183134293136,0.7286731412267368,0.05564703822990996
0.4476190975181622,0.372381366119633,0.05564981135284599
0.4524365597461254,0.8861769739953395,0.05566252399093233
0.33574307361564293,0.8061282080324549,0.05567400167883145
0.40428953628972397,0.20703845950255753,0.05569225426942024
0.4053657317539482,0.27935838499098486,0.05569233866931079
0.4997799514016009,0.7517593883300898,0.0556961631510057
0.3085825146195172,0.6345949206431415,0.05570369379027157
0.47492899460675597,0.710280090747503,0.055704377000217
0.34563608044424465,0.8392979863191297,0.05571498993354956
0.3886325770096819,0.1031349237969649,0.05572878997043396
0.37232361150048066,0.600667259719342,0.05573007194454514
0.35068583851671953,0.4657485434321479,0.055736475072857
0.4982754105674084,0.13841748811393373,0.055744875628493194
0.4130977628116923,0.7617739503381263,0.05575533848312183
0.34203717906533915,0.8498902842404944,0.05576561527018608
0.45199893555796045,0.2756416397883501,0.055814673497124566
0.35312906426645563,0.3619334928968424,0.055835653255166096
0.41195358176980956,0.543049391341428,0.05585743413245459
0.42386302013829746,0.5961949278949628,0.05585846639528719
0.4344881900461436,0.11934464806991248,0.05585895096310355
0.3270062238168261,0.2852621229136519,0.05586848233073616
0.3983968952691448,0.5000580582216841,0.05587359355350799
0.4471891329224985,0.19473676779733007,0.0558754518473529
0.32893366348033304,0.45138269975087886,0.05589709961566214
0.29703866280657376,0.2591995521124033,0.05592154566809387
0.35635351167378104,0.36680061847040835,0.05597792574485787
0.3824663300058738,0.5087951212908797,0.05598015419849149
0.4060532443888376,0.5044050284095277,0.05598139928349621
0.4848392864048551,0.633742229904886,0.05598370078250985
0.42609187076291877,0.18670390937406234,0.05599028149449417
0.3990506452947399,0.13886956475844495,0.05599647120332348
0.44665616036175215,0.15544277825689312,0.05600199347308186
0.4531719549848864,0.8067087365831569,0.05601426233309722
0.4399809266952638,0.5565657986635275,0.05604756884641878
0.4251246134337069,0.41353442052227585,0.05606112524977293
0.46327697241979093,0.3946354692768036,0.05607452796437632
0.4739082026018535,0.20031158194999155,0.05607914922234469
0.30712824096100355,0.7727966096392912,0.056099120543653506
0.36467955037804833,0.6211830152851102,0.056111686617641404
0.4066626910204111,0.18811787401256883,0.056115400644894765
0.4645514050426581,0.7813975210231344,0.05611821925870231
0.3909008941986054,0.6316377546067783,0.05612338359282035
0.47996911922990193,0.8443037768934191,0.056142056605401676
0.4775146697897735,0.17394883044270487,0.05614893951412299
0.4811440074540747,0.4679119111869192,0.056186449814392275
0.23011704290442295,0.3496371852763822,0.05618787538329538
0.3972584036172002,0.8099468894156617,0.05621712274794282
0.35947981254652595,0.21638448665760734,0.056226627199640174
0.4921334281323867,0.14723953861280253,0.05622764767006546
0.4378134007097071,0.20331547013172122,0.05622849484442447
0.38374156735583387,0.35389280894981345,0.056242424159710855
0.4212445904042854,0.46373118998193164,0.05624340252431301
0.27677562802190114,0.7610209061407104,0.05624783775812444
0.45899115272582747,0.8980165130759219,0.056254584449640474
0.4356036495977671,0.297422553322249,0.056272700641800004
0.3262448266305589,0.4457539009669319,0.056278946533909545
0.34914058792069086,0.6400144453022603,0.056289331527278184
0.4291347432555258,0.3102897768648174,0.056310176289118934
0.29729357867365447,0.5379501937438836,0.05631552665488122
0.3464763282684834,0.4185059057154662,0.05632120722626181
0.29096605181683444,0.4239176103172333,0.056332210007553556
0.3948331351876473,0.7745273895570747,0.056338624473715584
0.4556659572394036,0.37793021630121115,0.05635589889571708
0.4488053053955471,0.20826658095424533,0.05641633057074401
0.49551530436763125,0.8027442458079742,0.05642345742404987
0.32410686622573814,0.48697887768825654,0.05643525132235195
0.2906989803032223,0.7097102057200854,0.056437336960947916
0.49044547274003303,0.3887691892133659,0.05647681969770299
0.4590794897264413,0.8773853266505656,0.05650683265431433
0.4575350056591617,0.14643009140764587,0.056509419879693906
0.3487852073853042,0.2978436000368978,0.05651707786902205
0.3521269835465255,0.7215643744098598,0.05653010943456036
0.4134338781421334,0.6875664675489762,0.056563448936511655
0.32279430746962323,0.39819077524344426,0.056585328172811394
0.460441977146436,0.2815291088702077,0.056601091366472886
0.40229929618342475,0.3315377381737717,0.05660669898813828
0.2155187472923058,0.5494280490616464,0.05666413433099735
0.3348986423199907,0.7239878378856318,0.056701960806761244
0.4546198177552748,0.7675836701224281,0.05676195887246576
0.3979809180807168,0.28423202657569324,0.056779235887849305
0.4471414202218592,0.169784552818821,0.056782363758522025
0.4377458009786319,0.44288878418836175,0.056810966445898364
0.49723868964157447,0.4850913177244214,0.056816677608071436
0.23803776037571348,0.22183835100653582,0.05683921213345716
0.3208337143323674,0.6016893440660308,0.05684756525237889
0.4577684324784502,0.7050015247429049,0.05685731951728133
0.45178768004848935,0.4799193815889622,0.056861331851780154
0.35078129803704394,0.18418627768231915,0.05687482628753709
0.3659373082965778,0.8893205290180243,0.05687677205884086
0.47913021686626533,0.1601142915424945,0.05688311158381431
0.36542287927348205,0.5103735072562673,0.05690115919694837
0.4325502955409529,0.6527167566567038,0.05693275286261982
0.43509720934836194,0.7447785184532049,0.056948625251131764
0.34968930700815026,0.8601639653025652,0.056956066504539514
0.39430859377145644,0.559850570153415,0.057066390917596695
0.42863672544921083,0.7847743674792834,0.05710614670790925
0.4342046143169985,0.5703072423263419,0.05712127103956298
0.4423359546382172,0.4043862592806563,0.0571373711267163
0.330201366373323,0.4299636201781446,0.057161352616055844
0.4708205659549717,0.7469749607157654,0.05716946782723137
0.3807870137257756,0.21824414675618878,0.05717086278763949
0.44582211385548587,0.8632263959225337,0.05718084492086819
0.30839189760512664,0.21045327031179062,0.05718342975809865
0.38482772226430717,0.7036110976627253,0.057210878671519506
0.4229315375258328,0.2781324539333484,0.05725945356693424
0.31604768307823045,0.500666261977703,0.057309013366480796
0.49810030528955507,0.5922016380213092,0.05733103379020871
0.4442945629400661,0.6242418950704808,0.05733658399827099
0.37851658425467893,0.20728746684425492,0.05735001599213806
0.4918767077120584,0.24900300729611058,0.057381354206555525
0.4762028436083756,0.48401619666592477,0.057413074640429156
0.41704971000920243,0.15742464310841717,0.0574428679744228
0.34908121512196955,0.4573150223955732,0.05744973170697528
0.3400515143771462,0.5288004257778297,0.0574786361620911
0.30881013415612496,0.1532106675971516,0.057485576542245065
0.33685393719229473,0.32395783906142867,0.05748614732612648
0.49308309472583933,0.5063671187790861,0.0574976327492102
0.2512912059927863,0.44362215847609443,0.057513949888186304
0.3207075198477096,0.5986773220628819,0.0575233082372965
0.3445554608389599,0.5013525272717573,0.05755995313261198
0.4042999207140917,0.7736957182105222,0.05756752734719685
0.31441402942035024,0.8562132230080148,0.05758441358643432
0.3698575739860477,0.44628551807939454,0.05762180680311711
0.4588405533132288,0.6235449393275888,0.05766764502553277
0.4788548533519722,0.7154785956565963,0.05767864220382953
0.3348243137478869,0.5540648070819462,0.05768527410368724
0.3548614707348966,0.2650920074241311,0.0577074867979673
0.4582359121952877,0.5670458413788416,0.057724263099257996
0.4260549320403645,0.45412493789860475,0.057724535306628376
0.48720014252756916,0.5519281539297585,0.057739355672602924
0.3623268147320946,0.2286491929192792,0.05774635857142743
0.23214525043952766,0.7227026301301436,0.05775748391333711
0.3966493924627026,0.7434394340966672,0.057759230343935666
0.3970026345585115,0.7129536004388395,0.05777640759449047
0.49971244994330544,0.6102080805935602,0.057787978427315256
0.4560657007494878,0.81150840466452,0.05779622598529139
0.3756518353999684,0.513331787395006,0.05780381591317376
0.3313563328213196,0.5364876040729314,0.05781372313139244
0.32229143191167664,0.31834979623395054,0.05782491294251451
0.4320484672150322,0.14922643771257463,0.05782504876137546
0.490759720926888,0.3989914650644174,0.05782647655643177
0.43542050035236557,0.5049040516537432,0.05786847269272479
0.4875955183913593,0.8674031436528511,0.057898328415090745
0.30768576455509306,0.2668911334738705,0.05795800479582034
0.35091264921997334,0.7648649779635454,0.05797772227167624
0.3917424062942406,0.5558879565444603,0.05798994607124669
0.35491956237850086,0.12097726614083665,0.058006241414827964
0.3204961990794126,0.4966098018938502,0.05801046170138619
0.4274453242460289,0.4158454662517953,0.058048491954534064
0.49571091036735193,0.14161701824986467,0.05805968697701592
0.36533421695258994,0.6767849615245891,0.05806351156227094
0.3692557390258604,0.43018142568666107,0.058067432353137154
0.43573461917583856,0.41986002479484286,0.058075811827839
0.3560218987603785,0.2298154554932352,0.058096458739780074
0.25116773178763596,0.5742255520561504,0.05809867223782733
0.41683687282770954,0.8584778567854848,0.05809948844786613
0.42988627805415935,0.6499720503070353,0.058116574050362635
0.43726531769986754,0.6278454477168627,0.05812439522392693
0.47064687278233175,0.8311235773100524,0.05812574909328241
0.294850827490976,0.5621865823515854,0.0581482794413531
0.4420605166203716,0.4699569773795934,0.05815250563568899
0.39763374512413174,0.4050567915458113,0.05817861936867496
0.4240731867737457,0.5667274464659258,0.05825042490058936
0.4228187460089443,0.7490337860183237,0.058276050738552784
0.3523188818688525,0.7088340431252965,0.05828210464251852
0.41002232476831124,0.18399592272795573,0.05832351269587383
0.45307588958324574,0.48046467413351146,0.058324678300607405
0.3901521142943183,0.263517201825036,0.05832537014778042
0.40971970518647727,0.15857308179068488,0.0583327067367151
0.38957919896958726,0.663830354289679,0.05833966875114893
0.4898750365903275,0.7839740918296304,0.058358090991548796
0.4947055935016942,0.6942446955166582,0.0583692826810002
0.47420247024190876,0.16881217311517238,0.058390084634937056
0.43831105527907555,0.8082749744376406,0.05843334330754643
0.4351782162446848,0.1596600042160965,0.05843446987967259
0.31091294398978114,0.39595709960798053,0.05844064029586322
0.4826668412337023,0.11907569928898872,0.058455626719369644
0.287992818839962,0.748681882480785,0.058476631019685685
0.4162236469005126,0.19852502470880476,0.05851205628129172
0.34557515961014595,0.382911090918689,0.058551473949535665
0.44721579018703383,0.7892642148055343,0.05855331520569013
0.3071738525935094,0.8962769497689973,0.058563618625531125
0.35389294050088493,0.48981558154673743,0.05863958605213644
0.47456807496712605,0.4295609373883962,0.05865132332384303
0.41855190898702666,0.40963638848663275,0.05865148844914635
0.4202626021767971,0.13135779838492417,0.058652526492501786
0.3551513276406175,0.5904905853551484,0.05866213904003432
0.48148690671048067,0.5852556348320189,0.05868109769817905
0.49479220214398756,0.33048061654789845,0.05868398178360765
0.3014917769643262,0.5297859405548911,0.0586899735169988
0.48738001431097633,0.8268579722203648,0.058698772144770754
0.330847904701552,0.5327328184493062,0.05872319847290364
0.34746227298171894,0.6211235963597537,0.058736784563337266
0.23326858887999413,0.24274614157582539,0.05876316726665631
0.4181419715098612,0.2729825905091319,0.058810980087823185
0.44615047011616815,0.645212430868946,0.0588186222684932
0.441345621978639,0.26747353768097737,0.058823118678323724
0.45905505218924936,0.13565341253278895,0.058828838259009815
0.40721491475451765,0.11579592406134412,0.058834914791736755
0.3669845633756751,0.5631554649571707,0.05884786046986254
0.3903617613496647,0.3241627938179208,0.05886698586413335
0.4239299136457867,0.3767515738624455,0.058887367244496364
0.24048345290897577,0.3365138289888816,0.058890408229594876
0.3285868870944251,0.747720645388238,0.05889348978837646
0.45461781544775404,0.21323713111817286,0.058913543864534554
0.47147439435374405,0.4173695908767173,0.05891423560316312
0.2963796587096327,0.4253227851939462,0.058922117123880374
0.4786653491646139,0.565346653527203,0.05892793118234657
0.39242118573694873,0.10499519326622196,0.058956729643509176
0.37349004394790397,0.5080983382614636,0.05897261297326789
0.2496594371395806,0.7923857480331293,0.05897898055728299
0.4887485846542795,0.7132408897645082,0.058993984052292545
0.3629976576672761,0.21755295955802545,0.05899565105794846
0.4877705291613844,0.5968583206166947,0.05900070940159386
0.4534907945063501,0.33717376130855864,0.05902313091683047
0.4391120845738242,0.5568449379359469,0.05904278240407808
0.43743482062365624,0.6169837480916673,0.05905067860673845
0.44565344321724376,0.4723281989189,0.059057863522133526
0.4668499755669382,0.6933767492939789,0.05906702606447977
0.30133568245091513,0.5147718236125005,0.059078537038308315
0.374099028053519,0.7187911850394454,0.0590911808655897
0.45517211610762986,0.5853543558267325,0.059095408711853384
0.3792951758951092,0.3502859485790104,0.059109567443689205
0.4887454455673311,0.5058797359746774,0.05911533964538362
0.3062543156070976,0.7955932578047585,0.05912207295927061
0.45711400491768683,0.36975671294740486,0.05912289889641685
0.4050149489963566,0.10642071690090252,0.059123934262787135
0.48871804455904255,0.24464102441505134,0.059124985065994416
0.3324061770350216,0.3833122042144269,0.059160545820500905
0.33008111808815693,0.4958647497502192,0.05916100875280918
0.4628342329593059,0.6216454688051253,0.0591629611090152
0.35210312697110646,0.6675827437584441,0.059208469771188675
0.34731764380640884,0.16604632213010556,0.05924865433713438
0.42958922259967447,0.35365321630116,0.0592907720389349
0.4591033301348654,0.4342539124923228,0.05929213055424434
0.37962355953049165,0.6987704896681002,0.05929587655138931
0.4421941995133519,0.4585782789500631,0.05931207272414882
0.3491443590417572,0.3756976195467341,0.0593464497934329
0.47177227284979206,0.6416188468461181,0.059351360738563584
0.4166686368194056,0.6931939062231026,0.05935306643526154
0.3558909862925578,0.8036871437726533,0.05941431254266015
0.35330127579026105,0.25985493235150925,0.05945084041128659
0.4881756571153193,0.7257068190029672,0.059454370113227344
0.3522451512635658,0.23286198616707232,0.05945547593490587
0.4413223850655449,0.5675130637386018,0.05947636517844026
0.36381417456417997,0.44952196767373986,0.05948311705508065
0.22399460463436827,0.3880872574905111,0.05948323371201497
0.34834167615705136,0.7983037819418324,0.05948838297429011
0.39197869147512077,0.8830390628991485,0.05948868904181807
0.41833673607691024,0.7402471446532984,0.05949267262116115
0.45732154061512775,0.6291929687050934,0.05949389807701136
0.49854114583445586,0.13380963190446968,0.059494067352292804
0.4768033555554654,0.7816042726135659,0.0594956913899244
0.42190876506582986,0.8525643219280474,0.05951092680988648
0.4819285778408485,0.2912299858555113,0.059606872322229686
0.39887347855007826,0.21168311723448846,0.05961221905880176
0.4536669288598745,0.1682373665216672,0.05962574872269446
0.3108559512528981,0.5692643834530141,0.059681767142672995
0.37029606486011246,0.6965029800005533,0.05968659158137537
0.4904203518176451,0.4024095598016134,0.059688137314055804
0.4029006111596948,0.6109208157453445,0.05970748089875347
0.37393012331890674,0.1503185545040216,0.05971558122732075
0.23763710212818923,0.47544774551056,0.059718259503616984
0.46935382077306165,0.15427183801693023,0.05971856289277934
0.4865386438738425,0.4051080541862413,0.05973477207761183
0.3996801559028357,0.8186602042663149,0.059753848241621874
0.4564146316141987,0.7695953344867035,0.05975397099499901
0.305524396489944,0.45245611913718575,0.059835890469515575
0.3437769765158843,0.5418301247392091,0.05983834883915922
0.4329919933035731,0.6391420647352152,0.05984533377419287
0.45546183947033503,0.41252145924174755,0.05986527286512805
0.41787285421845655,0.558588126834265,0.059873263739987574
0.4069540835072578,0.25483542417964583,0.05987388207626355
0.3926339336241411,0.14296728452724247,0.05987711968995858
0.4971807094962225,0.8467778399459377,0.05988792295119392
0.37384728719663884,0.3508158142228154,0.059888122762056434
0.42416473260697984,0.6454069783941089,0.05990347862713551
0.3231912707778391,0.8649663203844397,0.05990354541225043
0.487398002049685,0.646436432600886,0.05992549896588301
0.31077902302147464,0.37296814417198865,0.059935157224569165
0.49511157551501495,0.5376034480734372,0.05994814753371093
0.4208229156196265,0.21789602020466728,0.05997570018664608
0.4114814661868351,0.5720387280348486,0.0599794922495228
0.33191181506496414,0.39392047401791375,0.060003455013650515
0.39961477983808347,0.2010300518809272,0.06001551955950601
0.3795798306161873,0.22865831063342823,0.06001702542725817
0.4765598692441462,0.5154736727672548,0.060022262983402984
0.39522282737436243,0.38150000525995464,0.06002676208433177
0.446305549357387,0.12622647468042764,0.060033759282841506
0.32943489766352935,0.7095576023704935,0.06004237063553214
0.3906887421744192,0.2560499129928214,0.060060102450783776
0.3743773325593417,0.4057382179886766,0.060060585494734094
0.40352273892115276,0.17635461500446914,0.06009572685540687
0.3822014007843969,0.19586066689358042,0.06011059807522608
0.3413548347484444,0.4215847637802016,0.06011956149617618
0.35788644328633357,0.39354904090524057,0.06012595865882701
0.4319335544786823,0.5951832431784182,0.060136570750229296
0.2272479877813773,0.592657704583982,0.060140336079138185
0.3381295911666884,0.7162252395520206,0.06014758032534385
0.4727668813710427,0.7556711424626397,0.06015951877348237
0.4712982107916831,0.4430559257649608,0.06020274743882561
0.3586163210314365,0.6876846489963653,0.06020833787074707
0.4770265070153289,0.6306661529157018,0.060214734999619726
0.3380494589578025,0.4710461881826695,0.060240988007879394
0.3136210947404795,0.7068533209173655,0.06024989729843128
0.4381850384149045,0.3590499125957395,0.06025484101209227
0.37694389189613153,0.32055499474497573,0.0602653092532546
0.30415129083307413,0.29665131351388707,0.06027107984958186
0.4597105352305555,0.8151820157567421,0.0602844729608644
0.3869031717942458,0.6428344685218654,0.06029493160729267
0.3950170192333431,0.21548055124249876,0.06031000389323329
0.4397527089918244,0.1241930689566127,0.0603190458020713
0.4443470737158015,0.5237873373133336,0.06032519472374759
0.38461293840337485,0.15863545674668372,0.060325568644708366
0.39647527448850683,0.3493562790911612,0.06033100481741734
0.4560197341601263,0.7885034026568334,0.06034495636029797
0.44433992333678984,0.6016727497040405,0.06035821785089347
0.36069181306635234,0.627590131049634,0.06039053202646548
0.41986197617543486,0.30519234165553466,0.06041953595783203
0.31483744018516113,0.28069877095011925,0.06042848504571004
0.32525170909530166,0.24324915645300704,0.06043925065404338
0.3403703403530468,0.4695530911861828,0.06047532016293589
0.462475056278426,0.11713861920135749,0.060493792105375546
0.33638184631481194,0.12463451384353662,0.06050878616020251
0.47418182266414355,0.3096394701266353,0.06054457520363328
0.4934819180973363,0.6682299849099784,0.06055904099331566
0.35208236251084324,0.6484894402247747,0.06057943088228405
0.47155131410325624,0.39582353318154107,0.060590751157024045
0.37158862314998664,0.21934211086794503,0.060591613178279755
0.2675783075034608,0.6820311897728342,0.06059611497789139
0.38893536174591625,0.5863652789724599,0.060598126596506374
0.4215394686191335,0.348663702114293,0.06059994923011404
0.2805258297663271,0.29499102654339665,0.06063025508178825
0.3405499138244784,0.39186000379239316,0.060639435908774755
0.3878329587514535,0.13509566712033916,0.060652101920400436
0.48153028718121405,0.44833032248091376,0.060661730081203596
0.4359723277886438,0.4827367250391944,0.06068876380251806
0.34931550305319614,0.6221854758728281,0.060692268743476586
0.4036036699624417,0.4447557489273478,0.06069634666136433
0.3454380229159477,0.47959206559632384,0.060699256774081244
0.43375832279878357,0.21986390329327846,0.06071194851736158
0.4138977861080624,0.2990231294980748,0.06071321240448608
0.37995603707132375,0.7756673073115604,0.060719747639405304
0.43721742664334606,0.2353810992321173,0.060733744838989745
0.48141985704222845,0.7199352373634981,0.060754237322918035
0.44645502127328107,0.6489462022495182,0.060791533841440495
0.28100226999304445,0.6504606353368028,0.060869381640168446
0.3324393077824677,0.8030387770663748,0.060887437034800304
0.36329225171736856,0.3462231878545611,0.06090268671254236
0.3089558639411675,0.386126559488156,0.06096851455315225
0.4203165340698516,0.4954523102384405,0.06097368154728811
0.4931019691070373,0.4060506988351328,0.06099155754625157
0.24120873353975944,0.5203159505393601,0.06099606868263052
0.48290064323721793,0.153718086412922,0.06102419643679253
0.266788983446495,0.4991034271462932,0.06104144329455355
0.47434328847579244,0.32987998078074143,0.061041789763699825
0.4931603262763521,0.7270630051873586,0.061044931846992126
0.4028533420383351,0.12827980614475207,0.06104789245688941
0.39531148632258206,0.4326010450250486,0.061063097397214564
0.22951337105519576,0.6378391125866316,0.06107272367040081
0.33410230165557586,0.6569393277803699,0.0610974186873091
0.28890260248805244,0.44780230608466176,0.06110902756223718
0.41609901247229963,0.45154686276775724,0.06112075781457043
0.4313556644449551,0.13105290164260489,0.061122370809607085
0.3143099621891091,0.41216070505878033,0.06112590292052736
0.44285261969247547,0.22645673602449287,0.061143210056664204
0.2740165952570408,0.7892657497186728,0.06114675156753006
0.44109869132568147,0.8274343806586085,0.06117681821994654
0.2709200910119134,0.2176158281785476,0.06119635420040426
0.29876725861040626,0.407432951316391,0.06128198953535453
0.3261460756300976,0.6298831819854497,0.06129841464853007
0.32436919234331574,0.13519517021754954,0.06129908596091503
0.49969080768258856,0.24231174391204677,0.061315728597022084
0.40921789541344045,0.6811225563708654,0.06131582436133157
0.2754691688129095,0.4010023698782432,0.06131875933268302
0.28432123423022093,0.2828114098523282,0.06135655181939909
0.3572234641591535,0.32316253022166724,0.06135673236086247
0.47385364718437817,0.1833034820356308,0.06137217868778859
0.35530589096062914,0.40601397169656506,0.06138948576248297
0.43002264098454024,0.7640304884731351,0.06139117665438705
0.3545443676742682,0.7401203972079413,0.06140830919481143
0.20898827027610936,0.5318501810414269,0.061414811746694074
0.4198014267909592,0.5137347962955999,0.06141492407138179
0.39155216675800186,0.20760537175508223,0.06142793542495102
0.3404983694818925,0.5321804299630166,0.06148370664934739
0.38297730841205235,0.4275693918624661,0.06148703559609932
0.27684014941851265,0.2320879894118716,0.06149087604505423
0.48692944223345147,0.10462549686890919,0.061499189221335175
0.42813157488370823,0.16593941006542517,0.06154337075908604
0.27770910112718505,0.8428258062538463,0.06154431961085841
0.37482173122147744,0.6062601746749398,0.06154891127139021
0.4612738595008621,0.1944687969709734,0.061579391001057394
0.3446385893078805,0.6322665657616005,0.061581339008108124
0.39400649240142405,0.6505753664244721,0.06161296493285713
0.268586478643409,0.1296697868831271,0.061625858752042184
0.4916191139081607,0.38345155429754385,0.061633204285522034
0.27911174212010303,0.5063576628458842,0.06163734508191839
0.3832611523738436,0.5818579261613342,0.06166680407019254
0.35922289989461775,0.44567866090419395,0.06166706227012549
0.36958522516186454,0.3284903220823585,0.061673702388995694
0.3688837118293773,0.13612506497800236,0.06169116856109066
0.33791404748108933,0.38041708568231314,0.06173043385286248
0.3364075490206683,0.21287094007842314,0.06175050706734331
0.4375790762631605,0.634514439732408,0.06176527911637885
0.4935398291649834,0.4863669297578074,0.061773241219345035
0.4204654817855408,0.4417711161625557,0.061783641566870336
0.3412863335369706,0.5228847707540513,0.06178393273541475
0.3371240472134116,0.29229425114516194,0.06178985020011258
0.4955242807559974,0.7029480188132698,0.06180074546684798
0.2922969564135321,0.5851453597967481,0.061801373459606734
0.36456027796894064,0.5209995589519156,0.0618101474773669
0.3997445544934797,0.7703640711256995,0.061852962060938245
0.29397649438966966,0.14447298602641975,0.06186198607510508
0.3310404244830758,0.1964061927058598,0.06187605636646741
0.460520953255377,0.7460263953183109,0.061895889377189525
0.4172182917611008,0.2943683326873471,0.061900170364497735
0.44911188116744427,0.384477397587486,0.06193022725699722
0.36627987607927603,0.6435439169294896,0.06193999619223446
0.4997176939474831,0.6616378576601527,0.06194573727543029
0.4086095905347017,0.24583558253212345,0.06195170093049758
0.4397250977250836,0.7510638596805644,0.061957378948902256
0.4436570817187443,0.2062354435013065,0.06197545943130767
0.32579855485132786,0.41161390240733997,0.06197570395078216
0.3912394764795317,0.17973367466610465,0.06197985141122747
0.39344165646841356,0.7181550504751505,0.062006108181250505
0.3823100516159622,0.24225866300168075,0.0620207511968039
0.26434404299422054,0.7485934692780861,0.062028353560887685
0.3226199281314744,0.5107744117008672,0.062034692251026466
0.4334910840748146,0.20351332773262457,0.06206851291642989
0.48559983436853316,0.30818165472024345,0.06208513512916667
0.3999627097840176,0.39157899089709425,0.062085667724053
0.3748692674083992,0.42083203510370903,0.06209931211000592
0.4027185226023732,0.3986746134390382,0.06210658933794881
0.3853551724551728,0.18135483361671742,0.06212832915925429
0.191104756128484,0.22666523799686022,0.062175748769394225
0.3213346291374138,0.3526522024322961,0.06221861274287304
0.34747257637829043,0.44388489862726865,0.062219163634368545
0.3197608827990571,0.18140757358548393,0.06222064677109632
0.41001145950113604,0.16168774966811786,0.06222163425532263
0.4473252546750206,0.7116726091296116,0.06222709008633944
0.4847782607351022,0.5614964322297645,0.06223703522189265
0.2777113475018761,0.7089395800373233,0.062250772386635296
0.33064304589081694,0.5999287296679139,0.06227214828038526
0.47922935607285955,0.3569522153669008,0.06227797389248388
0.3066953019179073,0.4488685807126258,0.062278100287559195
0.46092962649690505,0.2824880088080749,0.062282156048743736
0.3384783244689369,0.36785764047393466,0.062284373673948866
0.28917837190060425,0.8341214735110182,0.06228660611983448
0.3870982103703029,0.3467009972262507,0.062319315809212045
0.48118792439890434,0.3043287504200438,0.06233075760036318
0.2895491169178273,0.1939519969817316,0.0623334012296613
0.44168863311298645,0.20443818908085218,0.062343106830595796
0.23885197161808686,0.4989555483403111,0.06234314759130679
0.3895602896167287,0.5461888021496721,0.062356537361614305
0.4263890711235375,0.4592822370911739,0.06239465411600912
0.28195849465968675,0.6084473741179468,0.062425985609911985
0.31889985052511066,0.7434527793916262,0.062427066951088184
0.49607972027741853,0.8940960997401586,0.06244397404271554
0.48468493426944737,0.7278671004793781,0.06244914345558464
0.46275903503014193,0.6936066722781005,0.062469798420222905
0.4088239358363689,0.7818627701818552,0.06250072647103035
0.4910998823491053,0.4640107390168051,0.06250259588499056
0.3758945712998508,0.5897620575731838,0.06250418039110736
0.3298693996853749,0.36145783608257165,0.06251354103724108
0.29458570403410406,0.3791616799526786,0.06251923538514831
0.3958889327654119,0.44902700294940423,0.06253362105154359
0.32817548771524807,0.6948651862980114,0.06253969572697082
0.2889064189309293,0.3467039647379083,0.06257861184151377
0.41886937844609295,0.6714520104270137,0.06261138312760614
0.38554511150732085,0.3052483030700738,0.06265874675936542
0.4455642365006949,0.4070834638052422,0.06268831745631136
0.39045653709190276,0.5610430702410276,0.0626988276351852
0.45230309831355053,0.7832889987742923,0.06270888581472227
0.35098676002077833,0.1303296640217349,0.06272954244911556
0.3333478816823411,0.7265692479962185,0.06274537137618579
0.3903039815985475,0.4118055499229245,0.06275601510910336
0.4408763555426882,0.4329893680194823,0.06276588427685914
0.3153428811117691,0.5515212569473636,0.06279313602984642
0.34064217949620124,0.3242177072443254,0.06280944224721269
0.4868018997325779,0.28513260060539736,0.0628292147051161
0.4342168191511665,0.47341529227947887,0.0628317089187742
0.4637658927464807,0.597805564820393,0.06283621868671131
0.35766763247976263,0.7833851166268374,0.06283905952666674
0.4522276337934298,0.20180748908867285,0.06284122287800387
0.3278965139731047,0.2983511742748878,0.06284744718475051
0.48510425877208896,0.5683932776831941,0.0628517657503688
0.4657189615328078,0.2170874461974182,0.06288024992627499
0.4943566681404059,0.834737687376383,0.06288081859285341
0.39073184573970876,0.6410809380067406,0.06289143673799454
0.47906771116841607,0.7032081270192823,0.06289335289369395
0.47142693321422013,0.32975762597708186,0.06290539340808012
0.4950838487895779,0.2171029494045702,0.06290780173338956
0.3386355139313051,0.19589958397793072,0.06292861678710851
0.4940600490750283,0.2010936150410271,0.06292914171512548
0.4258807798855708,0.572153315508159,0.06293980048618505
0.3765209785474378,0.35700910250673323,0.06294812854682182
0.3482559894779329,0.1226930315494344,0.06297512787090334
0.4959696516365184,0.6650954348378418,0.06297577694977574
0.45209157443909553,0.12861951034985372,0.06297744307944399
0.32985420748958116,0.6306385140296947,0.06300237836467623
0.4757849423615992,0.4425816621302868,0.0630191258343516
0.3752220286440172,0.7550686194699323,0.06302602399891952
0.21903562200447954,0.3998268720676187,0.06303905723418028
0.38763309070164853,0.5359445941931907,0.0630576016677389
0.36333391642335555,0.21988684788259488,0.06309382630781944
0.2679904903178232,0.6060286609973774,0.06309387857536254
0.38718372473683604,0.7033729265253849,0.06310235184682009
0.31206296577761616,0.2556566242722177,0.06310473718928845
0.3118488271472764,0.27973940424721033,0.06310902749122303
0.2765115379203823,0.34864412651851495,0.0631111293338046
0.3288962634232074,0.485365397828755,0.0631302817457284
0.3849053341015809,0.31788801665360056,0.06314993991172277
0.2942536176686782,0.49697935497328716,0.06315603686472863
0.3175089347090677,0.1108055178544606,0.06319516843212256
0.2988967273961963,0.4861795657261788,0.06320609695268867
0.4277544373530343,0.4196129063467505,0.06320749934555465
0.41025570928911925,0.450134466067724,0.06324099497215174
0.46379233116815266,0.40931900961716583,0.06325882434465632
0.3975000476359626,0.6879772324088005,0.06326201669239319
0.4014662233641394,0.30577946002218737,0.06330793821957144
0.405191575410745,0.7373841982198849,0.06333332544234281
0.4462775866077785,0.48676033063859736,0.06333416768666408
0.42545059757948367,0.4167815469684899,0.06334629892556594
0.24084386462754492,0.6227230994120849,0.06335621672103325
0.3222418100799157,0.8476848066278692,0.06339447415315147
0.32391879914904464,0.8558664208426325,0.06339774302340181
0.4290323806792692,0.24293915348253148,0.06340315299901012
0.3868452534075236,0.5600463420380046,0.06344182062392005
0.36413868846985553,0.5425555799464737,0.06344411315512433
0.4401916636151788,0.8501567948329509,0.06346156768923172
0.38759723467611873,0.22741178025604453,0.06347827877387202
0.39991865588380904,0.20547928753222974,0.0634834388929154
0.3981636515198749,0.43239838404484143,0.06348403080086416
0.33552539120646063,0.3081692433254788,0.06350794583676392
0.39477042964289766,0.8492935673155406,0.0635085635768182
0.31361432452555027,0.5689689978271827,0.06351152912407367
0.27217150370274795,0.7372837830327822,0.06351296852326957
0.4884002905425828,0.34926008647853835,0.06351780636510938
0.43558595651976584,0.5015814386290474,0.06353374232016035
0.48580467412357053,0.31831917027319234,0.06357509136471247
0.2669988927626892,0.8969895762479216,0.06358424212161186
0.34097034181596075,0.3473538151677503,0.06359073192978797
0.4659301538438808,0.6216240071330627,0.06360440777655914
0.4570213381020213,0.19088746671032394,0.06362054010736291
0.35900393316304535,0.6047873127194539,0.06365106235369897
0.37601202029083847,0.1602592407768036,0.06365796057964646
0.3528380562171436,0.7894224821643435,0.06366050132027488
0.3783436903961933,0.6773022393964264,0.06368627533692606
0.39593736650616973,0.8971040096516106,0.06370838496178012
0.37662144126750774,0.14838256759736962,0.06373992927824786
0.40599267108700554,0.15671847767402447,0.06374619935363594
0.4050183345383237,0.3615911967931964,0.06375522623602581
0.40932798521339553,0.11078075581167734,0.0637789608253508
0.33239217913531915,0.37317076094810564,0.0638156872631471
0.43402505043962525,0.5628304357673001,0.06382137054368661
0.42342704277740373,0.5228513461324299,0.06382341154858452
0.38654709727138437,0.3454464012545557,0.06383247107340995
0.3344799338992686,0.5331930782424922,0.06384293185261368
0.3187556827349297,0.11703954224929954,0.06384910069769134
0.4246915730290428,0.5574409892989749,0.06392743573212843
0.38116016265215036,0.5824614172343734,0.06393165233368804
0.22912878944134107,0.33940752424563925,0.06394332283819165
0.3350815571658825,0.14410477533207927,0.06396647976671008
0.3009720012856636,0.40564416510319656,0.06398556397625695
0.49288572944915454,0.21964102108452288,0.06403749220845635
0.39985902189702516,0.29399516658476427,0.06403900121201629
0.2946794570243927,0.16000551017406064,0.0640444178002508
0.46370751063221927,0.2643104707461439,0.06404846776619966
0.35789081532137945,0.8196509668569365,0.06406667432558867
0.3672639904789775,0.2688548085141873,0.06408064843225601
0.39653435606021536,0.7771469642381857,0.06408335609940834
0.43451107142705125,0.7286644243699334,0.06408365736909652
0.3689489288056055,0.3764858204562239,0.06412820504877112
0.41057263767731034,0.8393983132519324,0.06413424356768246
0.3329250484426179,0.47395553851378314,0.06414860360400451
0.30649674377687364,0.11826098529674037,0.06416797276203612
0.38511264462858696,0.2820760982165309,0.06420300891806212
0.38873640075878224,0.8697828143348982,0.06422210235669325
0.35660023364695104,0.7235225270623754,0.06423816240327279
0.47430358228449854,0.47069768607018037,0.06425021515829413
0.36469710370001274,0.7545859214340985,0.06425099233352823
0.28449878903299164,0.4852187742597641,0.06425918785520966
0.2828783905583664,0.8623117561270107,0.06426266831849427
0.3044113025500147,0.27500940433303145,0.06426738484943274
0.3825116121249652,0.6706747407423206,0.06429219199069713
0.32806364453572645,0.6141627944188585,0.0643174306656853
0.3367265044273544,0.6384709951951983,0.06435933942299535
0.30039193287708843,0.5683575702796925,0.06435974913517471
0.44803715118330145,0.22393758463331787,0.06436398259585065
0.30870541772565974,0.35637321438789726,0.06436915565522493
0.47887130797198985,0.6465045320511477,0.06443266556201654
0.2673780337841861,0.6906725374894012,0.06443339174360485
0.4245901096204231,0.3475862638201741,0.06444295835024344
0.3604021800346465,0.3756591847770868,0.06448206492592518
0.3205839171815681,0.16456739667874842,0.06449001183427817
0.36793936628729684,0.35102121525887975,0.06449832694905384
0.31933627024922445,0.5191699666095785,0.06450473536557204
0.3179621937935949,0.6307603335313532,0.06452027079613662
0.3767091261454266,0.2520896648513832,0.06453340820602164
0.41500752379386907,0.2963168420867748,0.06454290541382997
0.412388640084136,0.6071575805221361,0.06455954203712133
0.44590669951109063,0.8666669496533824,0.06456794066362254
0.38186335510746827,0.8804309160696064,0.06457828660283127
0.43058330283020985,0.4203485880344039,0.06458291681679451
0.3050931724133541,0.333247969529361,0.0645917671839487
0.29995769804123706,0.8749458209429654,0.0646412292525618
0.3127056911174223,0.2302531492177626,0.06465817515622052
0.4080767382650591,0.447593643216749,0.06466380074892082
0.4536511363854412,0.5103092978179298,0.06468744353765518
0.35916154830700875,0.6781751738061058,0.06470203086259853
0.2900413152184942,0.7914609013007776,0.06471146332315471
0.45041688967949367,0.42259945084025696,0.06474473712343579
0.46735104830841734,0.5021986887656152,0.06475640476182855
0.46452816615383785,0.21137463177524574,0.0647705548514694
0.27783526107973394,0.6434940399970958,0.06480801793134192
0.42106969946643824,0.41122704846713076,0.06482037478157829
0.4637465240148104,0.55278909574164,0.0648501401076121
0.4091961443020722,0.5614710381932462,0.06488110528953009
0.3939739944399724,0.10539096920184471,0.06489142114039549
0.36199340279252057,0.4979080001001652,0.0648928286516755
0.43828886285124224,0.8472929372043787,0.06489734030401924
0.33958618328294543,0.6918930142796044,0.06490730582236438
0.44288470677225145,0.26619293472121336,0.06492803277210386
0.35569280495767097,0.2212538019556063,0.06493839071883864
0.26437225357241634,0.6513928730628626,0.06494066563714293
0.4181416721244594,0.8716363351674333,0.06495991423715426
0.3975077325257532,0.6766147560687016,0.06496646964222884
0.3649441131539767,0.3921432923826632,0.0649908528787677
0.4007621760119232,0.741821120118062,0.06499810183248689
0.40516437062377764,0.3736255924160662,0.0650121424131507
0.4668169387187081,0.4396579306266658,0.0650124604675204
0.34266196417300276,0.8651744631695013,0.06501666425959673
0.2429138281781862,0.7371538563298415,0.0650236112502222
0.48603164887625283,0.5166405637646186,0.0650488481088645
0.31643881323097356,0.20709510632246975,0.06505896133421349
0.48980475436359716,0.31147036686305474,0.06506672081359123
0.3044280021070807,0.43734865830496417,0.06507702346003455
0.3096658171550722,0.6465386697043863,0.06508270770716477
0.419012893230832,0.8014941348096554,0.0651268032393331
0.3594195779819829,0.22960255390404402,0.06513529893543303
0.3871224256033706,0.6339342246652875,0.0651489024372501
0.3625647842354677,0.18826419020691765,0.06516310694629676
0.30627376826923164,0.4820262687727789,0.06517884993888792
0.4449357791782701,0.8866666287874294,0.06518534941379546
0.4127162343026891,0.28549744621007134,0.06520360366477715
0.47103965013820137,0.10241390596660685,0.06521579549235598
0.41301792971806595,0.33199411618872327,0.06521745645069041
0.48645088647793877,0.6786615269338687,0.06526284554580068
0.3940582417996107,0.49342039839899277,0.06527180974426212
0.3961899803469865,0.324788587884499,0.06532402313415424
0.46029929021957494,0.6494840833550029,0.06533315668770708
0.3482259193311299,0.17094056295824978,0.06533484124414007
0.4774672556266044,0.4751149143465718,0.06534466921756754
0.4536496222730394,0.7963352140345918,0.06535752933921048
0.4927988227981054,0.3864163495038109,0.06537289804414066
0.3051535987288685,0.8950679046793927,0.06537485179268923
0.3929698175325763,0.1103238445203882,0.06540009976638357
0.49184558111386156,0.36254443577229745,0.06540181298778296
0.40969578860246325,0.40103594409615995,0.0654049108647029
0.26898789792068745,0.19759671306531051,0.06545338747560027
0.4830856279562955,0.583362072410776,0.0654544962361559
0.4354127606476931,0.34714558213916813,0.06545723458746612
0.49449673054970866,0.5315163423287459,0.06546987681858622
0.40473529450190193,0.27767330030760096,0.06548786222499851
0.24171479611913346,0.6105884299369898,0.06549066482147461
0.48526905774738904,0.1541012173605103,0.06550535257701574
0.37459862953873,0.5740762181126691,0.06552277074713493
0.48180107658477056,0.8104518371524118,0.06554217757091273
0.279148290360958,0.7924347051438301,0.06555411222090148
0.3569833643805599,0.2014935996397343,0.06557610097432003
0.3834764805485834,0.3619199497904765,0.06558780760057428
0.47738513610579536,0.6955629486378642,0.06560891869696805
0.22688977978481795,0.4963096841941568,0.06562455395669847
0.4419220187536754,0.48927707778795315,0.06568832812643079
0.4667514595995459,0.340736952839342,0.06571680014246006
0.22369650201028796,0.5070518962597227,0.06571776197104444
0.40501438342732443,0.8257532685120291,0.06573334448072274
0.3166734585273221,0.6405668957582513,0.06573435238428336
0.372427488493948,0.3423931905901201,0.06574744398887916
0.3466258251864739,0.6927351605132198,0.06575081827615084
0.499974106869171,0.40292796770327255,0.06575103642734521
0.31664104724861264,0.2831677104616522,0.06575923416758693
0.33273954778845277,0.38814215671925745,0.06577474521251661
0.32299874124425476,0.3569333878847971,0.06577598690010728
0.36293585414205176,0.12398887553663861,0.06577634873119684
0.3517463602246015,0.48807948302135074,0.06579044868006173
0.4002528162144562,0.622510707011647,0.06579467729701176
0.3040247904516924,0.17471826075201174,0.0658086120572704
0.34752885449185716,0.38338714367630455,0.06581124968587192
0.45134087482958474,0.2485379423848415,0.06582583355219633
0.30144288045960954,0.42118096189067966,0.06583136635473935
0.28549350503815707,0.2941218660291025,0.06584596332943651
0.3890561540828117,0.8321309804857455,0.06585028327207962
0.4200849362706134,0.475112635123366,0.06585195212811777
0.4898869685411704,0.25884421231487176,0.06586347408116225
0.34786725708981825,0.43274378801663216,0.0658910611479189
0.32202829311636433,0.4111595443078274,0.06589573811719411
0.4996544358325069,0.1446139652080686,0.06594294732386478
0.40667727618355365,0.1488711636767942,0.06594368059209534
0.3746295440070948,0.7911925289358922,0.0659548308285586
0.3911838379518262,0.49285404084484663,0.06596694890941891
0.485987041333494,0.5886254805349952,0.06598829750302193
0.3835581749131437,0.21846623051144567,0.06600044373575784
0.47471591370054245,0.5105024524109343,0.06602797607418925
0.3429658534828691,0.6476287551039508,0.06603337494303191
0.43181103725483105,0.842879777774628,0.06603594560846038
0.3950415859760812,0.2659704483447144,0.06604339101705926
0.4230237051485076,0.6756715322646084,0.06606759532933902
0.41297598414188685,0.23152921834015203,0.06608963312922338
0.40275364938197167,0.6534735656449773,0.06609966607149996
0.28490667364113614,0.5678120437552286,0.06610360497849123
0.4435824529518494,0.11467795870885489,0.06610443142245058
0.29763669108177787,0.2061832074546618,0.06613725143621413
0.43137544056534016,0.27815836527860227,0.06615519843246967
0.4039291863621438,0.5924866655303255,0.06616841713068439
0.4447530796451157,0.4688302337905267,0.06618791191862183
0.2655264746057411,0.7340897509489255,0.06619900907918995
0.37160284914248254,0.19593240639605858,0.06620185247081285
0.4920832320016649,0.49802188007394566,0.06621725109145576
0.42731443435366046,0.3412546317936632,0.06622095719441283
0.3826840846139896,0.3313625171757736,0.06622428532688265
0.4910279377677167,0.3185400067242139,0.06624158668158554
0.4161386095396117,0.6822470512579606,0.06624453955429686
0.3930148997393941,0.5496379538578692,0.06626714647904945
0.4879654821140924,0.8327992121247374,0.0662751357221195
0.46217786320566023,0.8009846136360835,0.06627789221202642
0.43120391452869156,0.17407966434158262,0.06629415318089384
0.4523521887410026,0.6061421761076287,0.06629777646878765
0.4610570091220031,0.5643517885684918,0.06630005403390761
0.34558415096581696,0.7432214828990807,0.06631122899464299
0.29180770914776677,0.26783954571173807,0.06632479431794604
0.45373883650483393,0.19381869584636346,0.06632922463645231
0.39868916824582346,0.5235006369410983,0.06633130062578976
0.40869198721679567,0.3625789791687003,0.06634093769033507
0.3666048585972336,0.3101502486031611,0.06634287940431922
0.3267848257584398,0.5736100299886634,0.06635926475026616
0.4161998633792485,0.45933016535455884,0.066380307391776
0.4597819646946507,0.4639946537423436,0.06643086883296062
0.41101314586559834,0.1800965380745069,0.06650780093454531
0.32125484257880677,0.6036584342202158,0.0665365826182417
0.39890622044375534,0.49259410059592945,0.06655726743148493
0.4297033540557075,0.6074346253281508,0.06656291629698907
0.2566547609355343,0.21913483427224867,0.06656924093836362
0.4432760270936872,0.7042610603648962,0.06657126041748856
0.4003417302710053,0.6064196221484048,0.06657986654207723
0.49077843087512873,0.7578461471858975,0.06663773355319305
0.3205196965929911,0.4278951277187316,0.06664283304005875
0.375348806655147,0.6194681793210054,0.06665680391314635
0.40747103328693324,0.5080843584302037,0.06667740921695427
0.4424871991438796,0.7324367290064832,0.0667156542021285
0.3916258451564161,0.381477564368497,0.06672753404865055
0.4857248131029842,0.7391597068903474,0.06675984405047583
0.4575644484339233,0.15549617471801946,0.06677040099874114
0.3176306430814162,0.49881043826804283,0.06678295571835725
0.2528815351153656,0.5951337515078062,0.06680705125538926
0.43721670681480074,0.5573223200865887,0.06680771895306845
0.4592891553234203,0.6581906799674119,0.06681931062194482
0.26772563251896014,0.8795603096657824,0.06684725438058366
0.3154954299326337,0.6333507220506711,0.06685368219687553
0.291818741434412,0.6147651213270197,0.06686589555174788
0.4980230344991312,0.8383063347554528,0.06687571372730351
0.3088186607295773,0.29522352752907777,0.06691167486714386
0.3832368038662588,0.6440107959811081,0.06693122433781389
0.33416662716709533,0.6826662232580026,0.06694275880199499
0.4704034601409368,0.5855794740802115,0.06694387611979398
0.3167312522102995,0.5210620128149372,0.06694498676721981
0.33545747103199164,0.6639105506131658,0.06695652438922411
0.2541331794642197,0.7007587142150308,0.06697180980365254
0.4138015753829183,0.6704270304738345,0.06698879041610252
0.4954094786443928,0.6140776425644592,0.06698887699117231
0.3387741363794277,0.4511046029660192,0.06698899677303324
0.31458133621557854,0.7222636101253784,0.06700015829313413
0.4445067999879456,0.7698958708476293,0.06700548943737734
0.471670608796802,0.10514967548686638,0.06701253804852679
0.3617850720355402,0.6707265384194612,0.06704449805076523
0.49012275324861754,0.6851925460526995,0.06705362143341256
0.33831917830264224,0.20334125184546492,0.06705791728910429
0.4022784903717397,0.5484274604838641,0.0670744644289346
0.4165984828206747,0.39072704884326814,0.06708717576083152
0.3370758930198475,0.44884170818142854,0.0671371987717053
0.42035954461068015,0.3992929832778004,0.06714122186223097
0.49299320754750964,0.3252963852166818,0.06714375546506918
0.3646550029257557,0.2330109494571505,0.06716129194723569
0.2709503511889255,0.5467256288606189,0.06716744093723913
0.30289701082753817,0.8197951237962796,0.06716895295654202
0.42921097101310224,0.1006871121000506,0.06717274768253899
0.3114631103100909,0.4078720391069445,0.06719467416846993
0.39735007692133295,0.7786504774817977,0.06719863289294525
0.407032741310164,0.3364168678630878,0.06723838712517823
0.46290406097443204,0.4942595159310206,0.06724202781989415
0.23313365404081832,0.12231502228639198,0.06726940999667182
0.2996618611523584,0.650307417623169,0.06727106935218713
0.394691546849133,0.8242926792160681,0.06727637112880505
0.44162755363365347,0.47325634416880147,0.06731175951395162
0.3016788890208143,0.46907779349639855,0.06732921918812151
0.34402797088753556,0.11072952436315245,0.06734187042100376
0.4849788296513501,0.3637482131349531,0.06735454147477024
0.48102457782428076,0.8487869355298111,0.06743133953771116
0.29664690607615674,0.35570621060382346,0.06743741192659315
0.3522916228922477,0.4428175327409789,0.06743764979485452
0.27916853891592996,0.5880079842590782,0.06744738949665846
0.2773690534340546,0.575347079790024,0.06745782955041843
0.29904702703410746,0.4262600095482564,0.06745955056812171
0.49103023213381647,0.1468336005722411,0.06746756619702318
0.41339776863420985,0.5786700450532258,0.06747264742360916
0.48914617941836724,0.15183182122286143,0.0674850164920179
0.39995421171759415,0.7187131750005319,0.0675402668830829
0.2534235695503757,0.3886663596360511,0.0675880552368447
0.4941883437894019,0.21804633307887888,0.06759901624765187
0.4547441103125175,0.19616876271657963,0.06760435601148683
0.4319499284648626,0.2423536542603266,0.06760654091282271
0.29247158713555155,0.5581644317911574,0.06761702705035438
0.42732827206786783,0.6197239357272821,0.06763260999872187
0.3672890331535156,0.16392872614236786,0.06764644358167976
0.38378691379584684,0.5698625772415064,0.06768654885109217
0.36242285831754295,0.2566170301672527,0.06768822779067325
0.3420062348609866,0.4319838314967358,0.06770006916768456
0.4461328675283093,0.4352656056621398,0.06775681385637286
0.3667283284271633,0.5415700521665617,0.06777003787534791
0.48401754507637385,0.37514095808406445,0.06778186197569731
0.3165524209881254,0.7689989431613852,0.06779216303803377
0.3737815379763202,0.44728434335864864,0.06780111168888829
0.4171529348660371,0.47991567274670466,0.06780884294480319
0.36688393940299824,0.7917145815267348,0.06782398375742066
0.2317965747248934,0.6702890636551703,0.06783631691648526
0.4340658384621202,0.8452118982511788,0.06785010389148208
0.44591030556704714,0.7871240177555541,0.06785210567686377
0.35083371639137406,0.31168517928139894,0.06785322604457054
0.27387817486782673,0.5855930619148654,0.06786072623443819
0.42185912229004197,0.7819653730766752,0.06787425256714841
0.4923179133211405,0.7577445906894399,0.06788213372681959
0.3248689014786381,0.18708413859541412,0.06793559243681645
0.3575252205563094,0.24196936796750032,0.06793727894248214
0.47105190149055176,0.8174075772198647,0.06794934747768418
0.4859746560578293,0.6653021567764184,0.0679748696507097
0.4274372572653907,0.674240232213018,0.06799177211641995
0.34953437184198344,0.14271865649457594,0.06801221547500982
0.23322811838076937,0.4814089697746605,0.0680136017985651
0.24562882802019265,0.5001119146805261,0.0680185299671049
0.3234680018233147,0.3146819527868343,0.06802955597722368
0.23384443553638815,0.6386778756875162,0.0680357218503086
0.42223430512394367,0.6455889703121226,0.06809180790113366
0.34238690588573517,0.8024688023765396,0.06810717416055204
0.4658325145011647,0.2621522568895882,0.06813453938952893
0.3959427452025305,0.6588893697868137,0.06813850066841545
0.3484937088568951,0.48603239877292814,0.06815281095135821
0.49861114270317397,0.8918372147778436,0.06816094896689609
0.3216185969506351,0.5176783189096102,0.068204500838845
0.4714602889338415,0.30776061026525636,0.0682070793214446
0.3930819964814516,0.13609813139194424,0.06828051117084058
0.4400116052950618,0.2628135908111393,0.06832138763913505
0.39426205843588524,0.601092169659595,0.06834001221099364
0.37493166061969474,0.45399149806047556,0.06836058608452342
0.39162466973799537,0.7869274430985959,0.06837287585216398
0.43135521864902604,0.4700717944736582,0.0683770351257035
0.45453693065224077,0.42663678396907156,0.068386030075735
0.43000228603500135,0.6722298671374947,0.0684082379018751
0.3444963135546083,0.8437578298942454,0.06843547107208431
0.36331699891244384,0.27595809804487664,0.06844138713735626
0.4537171502672729,0.3742331153953894,0.068469082270861
0.37869199530307773,0.36889466913576197,0.06847950538810021
0.4405778384887835,0.8473253583347856,0.06848662111194283
0.445617096571022,0.6494727957247671,0.06853746019533333
0.3801576436731683,0.12812960670525542,0.06855320354162095
0.2819205295820249,0.1616845755317031,0.0685606906398362
0.44718148430687166,0.5995588836065568,0.06856339810966584
0.2874865379892808,0.7535145489352774,0.06857217028304315
0.40440905608760813,0.42863277317549797,0.0685761312896998
0.40117245924529155,0.6596592106718541,0.06858566814615263
0.3510498881814791,0.37408798320945824,0.0685913587438951
0.4810080329416022,0.6024364740805394,0.06859192478006894
0.32562444306212757,0.12232447347715399,0.0686087823424732
0.30052222866578837,0.451046443225815,0.06860968236276141
0.40567522816124546,0.7408479475358004,0.06860989448730533
0.4394195346908133,0.6044104565823594,0.06861257100371586
0.41121162872816097,0.5253384814806736,0.06863498632808575
0.41859499325483696,0.6761978424698581,0.06864529422959412
0.4547607172378999,0.45159033920207825,0.06864566184849681
0.3126800836970176,0.5145874555847947,0.06866464247055475
0.41368838171901623,0.6598760425651361,0.06868837197322787
0.2729156389376926,0.3680282500868416,0.06869801027858036
0.3412714352547817,0.5336464383943821,0.0687079018173195
0.4884167477020137,0.1485876726967728,0.06871050558089485
0.4110319738921535,0.8011373589101697,0.06871891774395317
0.4920333441231297,0.4548341398754666,0.0687244671723961
0.4321835037596973,0.10608044237616882,0.06875182785199413
0.32775887875777837,0.10731839113534836,0.06875723823436676
0.4364052969324733,0.6778004675417996,0.06879830698047981
0.4616084314499995,0.2382792393346067,0.06883509509675181
0.3095752702120024,0.8654272397868712,0.06885811275931912
0.4142916957956513,0.7722234225211861,0.06887741927879223
0.3135574724276543,0.3649038584398112,0.0688837146727979
0.4125474219009765,0.8691352539734538,0.06890131044167482
0.2836276972275331,0.6191757143370558,0.06894101916971924
0.49287401021630883,0.13592725869970357,0.06897961585165324
0.3335305113194796,0.6700875423976347,0.06898053806656784
0.39854961194583816,0.3742175984637708,0.06898470634593308
0.329843087624923,0.21785533651728173,0.0690204559153764
0.3198029078770318,0.2531713599337204,0.06904226843475145
0.3079690195150644,0.17402140579816566,0.06907031712505758
0.21616335840879117,0.8046129444093807,0.06907442938827482
0.4800325406550219,0.5322723437972345,0.0690774115399822
0.25565107968212164,0.6481254112206843,0.06909805190631013
0.4527728508202693,0.750025569138994,0.06912066755431291
0.4418220657859704,0.3581205379640353,0.06917886601588288
0.22795217413008087,0.41085166895194514,0.06919168595722298
0.2674265855546757,0.14828647866423994,0.06919309487203484
0.38210007521536227,0.36465112772054586,0.06920653397697377
0.3302794613382421,0.4011673928663393,0.0692077954224754
0.4931760642048517,0.8282437618079497,0.06923021462171261
0.40505389931210956,0.8926216978549545,0.06924463482297358
0.4221616520312864,0.8225531423379592,0.06924963740764563
0.3165074815215029,0.20067086765233366,0.06925589514088422
0.3101613113759566,0.5837999855824018,0.06926825302177327
0.40998700564427315,0.6980571404461313,0.06927497268309268
0.32441326182067576,0.7388910530575364,0.06928018479572585
0.20149095725266195,0.17996931187885484,0.06929061389592349
0.4629566145973161,0.6258887906016551,0.06932227102463112
0.364594944520807,0.7735740190962894,0.06932513828075082
0.3684544908045535,0.7474121891788532,0.0693641256273204
0.35729496505252223,0.6816942354635616,0.06937583332150866
0.23024958390067873,0.6407908195778275,0.06940521936340162
0.393560007163968,0.26568628021126406,0.06941125440296322
0.46046200393091896,0.8601520807919298,0.06942942651361168
0.3171437939258255,0.20756908568210042,0.06942990533395396
0.41225399121502204,0.31628448521463903,0.0694356604184573
0.40582628514678776,0.20100401219517192,0.06944619108157413
0.4436438059150537,0.6831576898792593,0.0694543245032216
0.18589818740779696,0.651894318299898,0.06946537431253771
0.3074538069212589,0.4138055067512725,0.06949906928779909
0.4556064455084389,0.24896866845072385,0.06951388196808905
0.4079435430179562,0.2971218536203907,0.06951840040739378
0.4339070051882834,0.3848873093999855,0.06951876536820462
0.4686608271993029,0.6184779335841886,0.06953107279091314
0.3330180866065465,0.693683429838136,0.06953539726405804
0.2776525021967813,0.647060683284737,0.06953561947178988
0.48425690898202434,0.5077952338142241,0.06954273084393446
0.2966369523342024,0.19583497902292663,0.06957325023086823
0.3479531678623188,0.34477650582721964,0.06957824913572658
0.30123537843624104,0.4863479598653714,0.06957955851934362
0.39217962518287963,0.5913328626924476,0.0695860915649649
0.4199972788103613,0.8489643718121264,0.06958941835213756
0.3329352860852315,0.31636659751229945,0.06961233049061803
0.23735061124111245,0.6011093077811966,0.06961338003294525
0.4891559218860947,0.2633732763214107,0.06961728790507744
0.36691498954104285,0.6268670689225224,0.06964062550793176
0.4588680156473651,0.8942061499464463,0.0696559856804209
0.31796026683693435,0.3762983387845298,0.0696624469558688
0.4858448680319635,0.2808698759678505,0.06968618382991579
0.45370910056456315,0.6943385118404898,0.06973394307405993
0.3072371527326856,0.7130275732013478,0.06973650897561169
0.41092748280483515,0.23631960905809876,0.06977675032696531
0.4158800077281589,0.787525961134744,0.06978253550452225
0.45793623789053384,0.3395637602018968,0.06978416198310525
0.3579490790721346,0.3164484640783772,0.06978434148027322
0.3177554192749338,0.40569834211062095,0.06979095941783997
0.3264382293189051,0.22546135997588268,0.0698059328348817
0.46027200067985474,0.33784092227953766,0.06981190303418236
0.49340267406216476,0.4246434497285311,0.06981190676334834
0.48880824261191025,0.7078149020220935,0.06982018621150118
0.2860247471162398,0.47702877675437116,0.06982937291443005
0.24265657398736737,0.2568095634927263,0.06987690853913073
0.3221403737101747,0.5470884675030944,0.06988410014252264
0.48658276831301683,0.5695944378011739,0.06991062244261634
0.29586028823810406,0.40199275877874885,0.06997153590693687
0.39938177235275607,0.622467057254747,0.07000649102121718
0.3383260441241065,0.6111239090009228,0.07006253536482829
0.3722543719979927,0.2939872818169146,0.0700820280331396
0.4492644206991885,0.6498844431604149,0.0700963872950011
0.3814600703287433,0.32488831789749045,0.0701144057114831
0.3437394344248812,0.8329896246211431,0.07012703283085542
0.32607292847161756,0.7614487060245754,0.07013149272277419
0.30477487284122634,0.6206053765246626,0.07014657242125803
0.4905055359949173,0.8368701394855619,0.07015213116240471
0.27324736510160014,0.6648958530517305,0.07016145845143386
0.3745292343726486,0.6240646853819583,0.07017197393864773
0.44704233242424996,0.22830616841455315,0.07017711622045203
0.18932876457021475,0.3731880223441667,0.070227780245113
0.4959867861324184,0.598592989494581,0.07023692136544331
0.41426388560202376,0.21357109516428885,0.07026722690744452
0.4078235341292774,0.18250783177324248,0.07027065805518146
0.29743112832044316,0.2850605648104444,0.07035000476867093
0.42017072325505234,0.35836954747866767,0.07039080773204998
0.4728276035181984,0.5281916192182239,0.0704105129878768
0.35881286946298563,0.8251602727178325,0.07041466990300092
0.3454305387929988,0.1681182371425713,0.07043049357895896
0.35859633859826545,0.26334120652020354,0.07043137649148667
0.3853383291618845,0.7751714916596528,0.07044670898662445
0.4201992646834698,0.3711126028089583,0.07045719579359634
0.3502534400567683,0.4115504232159417,0.07046691665067235
0.49156972045117175,0.6080120896125887,0.0704721607706647
0.4538462177697392,0.12406889857131419,0.07047473451971628
0.36533016524485495,0.601791540026263,0.07050991241997566
0.31851892437866747,0.6418418844485169,0.07051986256753745
0.4898986712859017,0.6972695490751311,0.07052801046395214
0.43580362490549096,0.1205557382744674,0.0705390457537708
0.40809345310527767,0.12839788800216684,0.07054644443758015
0.40473474289205935,0.5098330904709071,0.07054709078290215
0.4228345376449205,0.10216451745741635,0.07056973756207151
0.27995100705174036,0.8326954296893997,0.07057050509851746
0.3930847026813118,0.1885964260920095,0.07061967656071103
0.4610375949426603,0.6849208816745793,0.07065593361228496
0.4711130028676591,0.45637332357726523,0.07067266784336293
0.4107097930523613,0.37752630133178644,0.07067848648003633
0.4225020400791356,0.17412244421411618,0.07071207546863115
0.3317352330964797,0.8331162389321113,0.07073468888161834
0.4770258618413832,0.23564728100790547,0.07073772056724582
0.3482462308160854,0.43509446474908686,0.07074738316934144
0.3555818433474106,0.6015878945033559,0.07078470363479707
0.3902230788425938,0.8367793715788181,0.07079663983760148
0.32872432106634075,0.3371771079740522,0.07085630327512013
0.32050180872133416,0.11940702248044524,0.07086017997909785
0.38740490246651293,0.22898801170621985,0.07090049531813018
0.3367804800160238,0.4219804001977563,0.07090487396176706
0.3032045416401219,0.34916231933212416,0.07091481128967907
0.49223181579982844,0.3683395697450904,0.0709196977705107
0.42619581761052605,0.7821954279435754,0.07094622230056954
0.4405327178637447,0.369775084142945,0.07096362356043126
0.17135406211624984,0.6811141834259508,0.07098409082068219
0.33540576790118504,0.3810596933400737,0.0709916909441252
0.4579779697520364,0.3079100613438126,0.07099939548389783
0.361178569213211,0.6771171000602288,0.07102329996816761
0.2736300037717728,0.1873394756756569,0.07107598522220736
0.3129040741051157,0.7091909164155591,0.07108592839707877
0.23284873126438335,0.3208829792194419,0.07111184222365838
0.41788097916938993,0.8891253190816671,0.0711327017507143
0.4316387052219087,0.7389031070746829,0.0711390421402237
0.3742360912852123,0.19207564581574924,0.0712475680797888
0.2877432245892273,0.41226726403720126,0.07124964311814302
0.35770306121388606,0.8422407476251327,0.07130264960804551
0.34658947490337316,0.8416270184782725,0.07133582527914505
0.21408579375737102,0.1715707034992887,0.07135342150953602
0.3915801924243828,0.4584304695237009,0.07136516914341316
0.3974232240539669,0.5978766652651494,0.07136607585163379
0.3255995220405169,0.3187062283279104,0.07137169178392637
0.31830378950467497,0.6303466126816148,0.07140213830880472
0.32569727248304636,0.23894908532370077,0.0714227571965548
0.4299840796126,0.6748103832252041,0.0714424859128308
0.28595010922633374,0.8823969972712183,0.07145585650280098
0.35003413699529684,0.45772919056256134,0.07147235076097526
0.47418166160381026,0.13606396649687405,0.07147373463552212
0.2118928950382345,0.22850461213895193,0.07148365057614349
0.4401673800007666,0.5857905627984245,0.0715416483898404
0.3294521488343072,0.3530433265646241,0.07154518651725401
0.37096706293768256,0.16320265651739885,0.07155094885895767
0.45312952144386553,0.3455525471774375,0.07156944192971582
0.46297287745454074,0.38454866169419144,0.07157262199316416
0.3027479784542776,0.14079292764801432,0.07158440636628129
0.2716324791326624,0.5476244417289082,0.07159209942765772
0.392077942252561,0.6716908533746633,0.0715963120788645
0.494259465493872,0.8380511007062154,0.07160448233258102
0.3051156187198929,0.5651294570274139,0.07161828266931934
0.3285191718273007,0.5527947722703223,0.07164429157849435
0.4566463188889186,0.8867057320863999,0.07166083188416054
0.43926547077869194,0.6001972776763369,0.07167882071731983
0.26885232675868653,0.7300996067825832,0.07168221189122188
0.3244639854758802,0.2122442050913671,0.07168442294587579
0.31077636368983663,0.43830758504973866,0.07170083794463526
0.46404881432867784,0.4029482935497285,0.07170291307830438
0.3882738266406439,0.6156210924678069,0.0717433795404767
0.42869928440073946,0.8570387824167636,0.07175396543111641
0.2941864945450739,0.40211069015679,0.07177094670974166
0.3973150607155419,0.3356777241101837,0.07177563223708151
0.2819315539927949,0.5242891827899848,0.07182242416128093
0.3877222120442544,0.5968009977835442,0.07182969267887046
0.2288051616359796,0.20620776717814035,0.07187068193866854
0.3113549452877876,0.6852776618540877,0.07187475756221776
0.40931517893080926,0.5195606135395662,0.07189042382006908
0.3966775315309178,0.23155858266584917,0.07190806446872053
0.296485819098695,0.42061168845097374,0.07197317650374543
0.46436263750362805,0.10059784136169557,0.07202074564241633
0.4474087166594314,0.3978883063187947,0.07202546187768649
0.3764563981034563,0.44513693286810607,0.07202595797028273
0.3611492731766647,0.5511244645843533,0.07207627959544902
0.27046314258240184,0.5678169636727451,0.07208182387930011
0.4955961501126568,0.831569873288662,0.07208992563130519
0.4472839296090042,0.3672285189887339,0.07211599421153345
0.3435590272136072,0.8324052313895787,0.07211949462425234
0.48833990374336234,0.4026197613375828,0.07213784189390053
0.353113988993089,0.5983306164579671,0.07216768154033111
0.42289651994931854,0.34267479154901564,0.07217298645301172
0.3499705870884363,0.7358428672056732,0.07220566638985139
0.4216001227860181,0.14636312105719718,0.07222504168021755
0.49168866766102703,0.3704279051931654,0.072238167539693
0.40408570100327856,0.18492898031028704,0.07226429833514102
0.22152647458860383,0.6044956273962578,0.07227843654221469
0.39443593818153677,0.29365287351345715,0.07228356016633009
0.32230245940671887,0.7988402629789687,0.07228378434993361
0.4999575382452436,0.6517514037318402,0.07229477135256634
0.4813298999647707,0.41352215368671474,0.07232475378246155
0.29635226629167954,0.7720321626806962,0.07234712717174271
0.4336632887491637,0.7689393462416015,0.072373739935829
0.22725409775990282,0.5220752771983551,0.07237508218110218
0.2754589401777221,0.15252054049011488,0.07240064065512873
0.28466958970147893,0.38426680469777175,0.07240375983889225
0.289749522461032,0.3539623797593101,0.07244137554741586
0.34038285340989194,0.15736492287042073,0.0724434218953731
0.344350486454565,0.5138089295440663,0.0724690621610561
0.29954018108220326,0.6637621409534918,0.07247193235130368
0.29387713413496497,0.4795625452194294,0.07247731149596484
0.4923090814202097,0.45461706087242393,0.07247807482170289
0.49969416586506177,0.4934045775686604,0.07249194683668732
0.409311102447535,0.8712097660895474,0.07250219928271401
0.3566623886038709,0.803511401831546,0.0725173188689031
0.42194007720174465,0.6123479115117749,0.07254204256465348
0.3545322743676268,0.5407030832077794,0.07255418770190787
0.2816697540639706,0.6650736380269534,0.07255722063133875
0.3526557940196452,0.2860131183423882,0.07258916017275316
0.27112063477661386,0.7997087657706925,0.07259060799610188
0.36845181656064774,0.5620464075047843,0.0726237340967785
0.45694280212442207,0.43326532242071536,0.07264011325895987
0.47006247543217994,0.23033196579489446,0.0726447005220114
0.2519491314014539,0.6899687624466856,0.07265092463044995
0.453130037214341,0.5287965698164898,0.07267952985955406
0.48239147784297653,0.3507269396516499,0.07268540138556709
0.4813717746977987,0.43237395852796257,0.07272176140119291
0.4580781160917181,0.12054737594626436,0.0727323564256831
0.4144809013218741,0.128189355500097,0.07274505000884966
0.3210524295478723,0.4040284372673505,0.07275450911623757
0.45894318713562676,0.10367441015649002,0.07276063645093908
0.3362210417165681,0.2811495328425509,0.07276610674525884
0.4889978545862885,0.7295689292402026,0.07277595355055191
0.41047666801054306,0.27041869812888,0.0727776459042583
0.39478496125994966,0.759026553886304,0.07286436454487114
0.25026152132836,0.20674188168569352,0.0728808146260107
0.3817670096822673,0.14393221919718055,0.07288689426014089
0.3895545176278964,0.43896333790568975,0.07288903748930672
0.4428644036926569,0.37732669838875654,0.07303698937243952
0.4135211779959783,0.5176099412842151,0.07304696538142709
0.3912063239765349,0.15389254635755878,0.07308428716304896
0.2526026209410762,0.18260165174805315,0.07308687140255107
0.46797317814613915,0.15109075773117217,0.0731373365810207
0.28391078802956127,0.752306690120794,0.07315718497344002
0.424351043833038,0.296269306975838,0.07316849190801632
0.41868707901201097,0.5059946585083359,0.07317106230189786
0.4602372313193993,0.8139101008383524,0.07318453921698767
0.46602167404537,0.8490485770700461,0.07318719604270763
0.4790265147208279,0.8149497442828598,0.07320900641610957
0.38143326389023624,0.2264168161443541,0.07322623193839135
0.47279579496112834,0.1462772593509902,0.07322831499403584
0.39358549653385755,0.10842327781705086,0.07323120694441523
0.33723831878706134,0.8639927704402066,0.07325372984741318
0.3808483630435352,0.4865705781281836,0.07326115968381629
0.33612718241331574,0.538843751507614,0.07334758912209416
0.48400376435715187,0.8754630588878076,0.07337204309882346
0.3000972062873015,0.3995330182964275,0.0733873255956738
0.34502386679955716,0.7667361654156363,0.0733884992448275
0.45100567774476985,0.15710396482265124,0.0734007724641336
0.3010210012915606,0.47018642376414876,0.07343391657722793
0.48058813695365543,0.8542824837513847,0.07343777502618742
0.4038682373566823,0.4626660869103454,0.07344370660911655
0.3392166975249927,0.45229810742070653,0.0734471069141294
0.42108866068662676,0.6537860267082527,0.07345383767798402
0.3608334980647091,0.5513407117706707,0.07346498941473766
0.4316769987479514,0.7678252504155659,0.07346502919683208
0.38764373164259414,0.2528303377314842,0.07346608357911365
0.2879578398673824,0.2960918933234904,0.07347248958612539
0.3753624094436254,0.3869377704243254,0.07349586537532712
0.30627544949647745,0.3386641747784297,0.07350366634488409
0.25841552461801,0.5563222688121341,0.07351336162262893
0.47522845917223044,0.8126325229058321,0.07351410138156972
0.3786382454599587,0.2205898771309614,0.0735203684225482
0.3499278868671965,0.6208501748155457,0.07352831468849694
0.42445003849551033,0.26634968951490157,0.0735677501466269
0.49114582221620084,0.6179419765148533,0.07358098811403121
0.25814902686909225,0.3154379111090931,0.07360459447570107
0.39905151322656485,0.4643901963393323,0.07364627496722784
0.4761418512512814,0.6064967167559576,0.073654964664808
0.4629559650125702,0.6925183784708915,0.07368489494366709
0.4307129085482847,0.13748539508620797,0.07369214824905267
0.1988349228821103,0.5291103825354699,0.07371728874668493
0.40303525098392023,0.5127093228456413,0.07372578482475234
0.3390044081312318,0.7146105754974785,0.0737383484415313
0.19770732480852288,0.6787364750220275,0.07376549265128218
0.32451421026631255,0.43929634197864675,0.07377830547196472
0.3627639863533775,0.6375808630153433,0.07378332810127924
0.2943559154570957,0.33864126309337444,0.07380732338769766
0.46909227492502426,0.49357572975880015,0.073808096705388
0.4552890530203261,0.4231140301389166,0.07384561433126825
0.48537054077995523,0.8183688181806821,0.07387071117627862
0.3848574208662888,0.6119363165084165,0.07387222230062977
0.30608901704267744,0.42624831963705645,0.0738935955381689
0.3111188297281572,0.8884017408649462,0.07391159512068984
0.3862283648678927,0.6466882364998241,0.07393861227854977
0.4242314496349383,0.22991365930737145,0.07394243359446676
0.275577758741936,0.2009932219522632,0.07394724244138681
0.26926784175188795,0.47118072055646454,0.0739562817329738
0.3413587464615611,0.45564770801262056,0.07397216015560648
0.35349842688547495,0.43193925191599547,0.07400601261004504
0.2662506234006329,0.4467197187775449,0.07400885795176615
0.4182727638588146,0.13331450144711657,0.07404466245884384
0.40814913909205985,0.7688448820753395,0.07405694131446658
0.338665112995523,0.7453180473180842,0.07409191209082454
0.3924009527973814,0.31701967474043335,0.07410130603286016
0.2881736545396927,0.3998326700604895,0.07412022942456176
0.2885507637898597,0.25044398853021543,0.07420318941583905
0.387698140024092,0.6319518991791007,0.07421845291251235
0.407831195530311,0.806154143712192,0.07423183136981246
0.3962352302726515,0.1560257856582804,0.0742322156786221
0.2748962959317902,0.3832461722588415,0.07423737335838604
0.3890415300833976,0.4747533052831908,0.07431619477148257
0.2537606588651154,0.45240461168671164,0.07432762748219579
0.36349115087197437,0.5279223525449718,0.07433031388523566
0.2585610406208201,0.5065614805671447,0.07433087622262874
0.4321027863117505,0.7826768362367263,0.07434465514771615
0.30871917494978784,0.7705730080733746,0.07435120350338502
0.2979954376593728,0.49513235345055706,0.07438052804926662
0.3477758975785632,0.8786579012666447,0.07440095898445553
0.4374606523964265,0.1350811084634881,0.07440102790307826
0.36223602696624224,0.38316044516624304,0.07440977747286275
0.32003368060962456,0.16416738451458518,0.07443753191072562
0.48106696058312526,0.35758781592310773,0.07443777221440863
0.3092091252737712,0.3861859010978129,0.07445153203033154
0.4578393275357757,0.8600545976974923,0.07445847638358769
0.4512559660690538,0.31941651919409486,0.0744588751720052
0.3453082087452536,0.3367276781387874,0.0744764846799263
0.3438590331961891,0.8173669677450291,0.07447953396593779
0.2779242852459745,0.4991665819266873,0.07448480584237496
0.25217499716762426,0.2838293263043464,0.0744883964519625
0.4213712183681194,0.12791220398441291,0.07449441297052639
0.4111562064633971,0.2701694350130457,0.0744948337750369
0.18808181560266354,0.4987922123049163,0.07449991217253557
0.3596151565178787,0.5611194878234288,0.07452698994432308
0.39772330666760547,0.7004942703097561,0.0745610893746254
0.48448213247130545,0.3195112839136838,0.0745784133925503
0.4724966782715124,0.16811452512275427,0.07458016512855864
0.3400624349247239,0.7296516322962896,0.07459872487670752
0.3783617662992743,0.4080945405329184,0.07460876279143204
0.4437521830369566,0.20070869427895544,0.07461504403849809
0.34219633501411495,0.3047393610443989,0.07462939415803707
0.35123718524107084,0.428641047071446,0.07463364795971071
0.34347624778627694,0.708822500585664,0.07463875610027641
0.32095741128992206,0.6422031821955386,0.07471093943095335
0.3419532545593633,0.837605547839997,0.0747238317382491
0.4149738646008766,0.6404037750850262,0.07475148293041797
0.39394006696302286,0.20395920033010598,0.07475593959486732
0.4836252460239704,0.31978192577701725,0.0747736462861983
0.2634104327870802,0.5142192315604491,0.07480679418042001
0.4043357791460176,0.18232823104636753,0.07482578337885895
0.3157059815453408,0.3215645582439095,0.07483259459978049
0.22906488184394594,0.269157576588436,0.07492810935514436
0.4073644912827886,0.5097977147567144,0.07493062860138555
0.3171623363048477,0.5751136993620067,0.07493902652295213
0.3933848686916571,0.2626883062435457,0.07497766084883487
0.3485506454528827,0.24851849487300814,0.07497832276724782
0.4986811517092766,0.21391095909598637,0.07497922655090253
0.37166448508726624,0.4916185270565959,0.07498181804434469
0.32755452247307537,0.7410993703756061,0.07498800011433399
0.4106265346638419,0.8498602233498221,0.07505874924990194
0.3137676253195967,0.34985891084914333,0.07508096777096634
0.46650243601327845,0.27295461972356466,0.07508673594561774
0.46765138260579653,0.5190706556281119,0.07508716933567246
0.48539385202029717,0.7638190204341223,0.07508961340692195
0.48845049243739336,0.6782431149173838,0.07509983113517953
0.29603263250015877,0.22329969837287075,0.07511104947426228
0.4852201352209974,0.25429771494689063,0.07512559066452527
0.3964269830901749,0.7870055035453224,0.07514190167665814
0.3973363901362601,0.15663357091558422,0.0751565903022616
0.3354344256711089,0.12268202041842652,0.07516763458918416
0.3353636023326888,0.2044124548868309,0.07517007475829364
0.25539697801114364,0.34399138843750643,0.07518402572472259
0.4287716997138479,0.8180922964922018,0.07520253439430186
0.39232640667897645,0.3144691251339288,0.07521278014863819
0.4480264679045306,0.8453947591370552,0.07524460651590449
0.3842542566929035,0.8412636255289557,0.0752905367500894
0.37069179368199023,0.5733278106964527,0.07529246179852354
0.38078007227718513,0.288945811990722,0.07532043091320124
0.45597418439382176,0.12642204850228522,0.0753453799512142
0.39597439282154745,0.6489336635546633,0.07537511831793871
0.4554255371351499,0.864825012860175,0.0753894188509748
0.3477569068139628,0.7585108422765154,0.07539029690456285
0.35344905592785325,0.7290821483682774,0.07539524590682817
0.4463511094809868,0.8781977843339527,0.07539577852765915
0.4867394624754531,0.42070885634818167,0.07540373255042218
0.3503433089512388,0.5691923520358069,0.07541662608172772
0.2849159080977977,0.8004485753949239,0.07541818305393674
0.3278452907670595,0.8765657553324206,0.07541882105602507
0.26161589142900654,0.3591715432507663,0.07542218294008866
0.4185755794895831,0.4675441291574438,0.0754248128827646
0.4961457466893736,0.10390843848023464,0.07543873280218977
0.37254874590333187,0.8276646449477648,0.07547975991134055
0.41339832373502283,0.6067572841359788,0.07548147860463161
0.48384960041517744,0.44403277308535016,0.0754973636054916
0.27896236430270904,0.27763555378572435,0.07550245389785623
0.3695391421128529,0.41862328741383315,0.07551621980034677
0.3654767632468755,0.6104841618134357,0.07552319667736541
0.4812376913917761,0.805031036476703,0.07553110070023863
0.3154123934727464,0.6739532010981893,0.07557052137259594
0.4529162012452148,0.1787641561942498,0.07559378896798834
0.4701307587785387,0.691130472224063,0.07560151523028408
0.28907816325539193,0.36341740047345905,0.07560363325387179
0.49841385114940917,0.6401736078744364,0.07563190093165255
0.33790648782639454,0.5273874970842463,0.07565245706892998
0.31643563387073737,0.5825363918205219,0.07565459817413808
0.46824673009969164,0.18432667635803704,0.07567418725335065
0.4476241992404111,0.4842864949062583,0.07567903377582277
0.2884448487266206,0.859989763996701,0.07568644377489149
0.36841075756663366,0.5072043283901233,0.07569637660812505
0.3751533342464094,0.8513803141353028,0.07569990823285974
0.44196333005588984,0.33934791172697915,0.07573897408214686
0.4599616013026385,0.2857385854841262,0.07576201501547793
0.3802839686777809,0.5970997759571856,0.07577233957239451
0.30489981126885135,0.4234911589263598,0.0757723396481953
0.4399891232782368,0.7815392672274183,0.07577916968557216
0.4919094503351682,0.43502857128098804,0.0757961643421725
0.38528398690528987,0.5623046576387493,0.0758519566153304
0.4430671103922357,0.6771062731945026,0.07585577350946865
0.3273321229210615,0.5156457298029633,0.07587261907736348
0.30617285566730185,0.7401563428280954,0.07587983309829296
0.46599049326034614,0.6502188825258846,0.07591236047921818
0.2113878343102112,0.6015895427938499,0.07592522672337784
0.40828349936076436,0.5648346367404059,0.07593587643888876
0.16715158709889516,0.4344976193045965,0.07597596619881088
0.19178942969498763,0.5944353763862413,0.07598177942681379
0.34570802379648036,0.15326963228526572,0.07599448905584696
0.4671389663937324,0.4560817102874769,0.07600458851640701
0.443848613015452,0.16577890902444575,0.07600535316035825
0.21690688094538763,0.3667943055693853,0.07600717088389466
0.2861005772311907,0.4417354495241118,0.07602154900502878
0.33725609267855894,0.4780489192921642,0.07603745459998577
0.2082513548576193,0.6392149826811794,0.07605691700191196
0.4120460964727898,0.22506243995949823,0.0760765809750913
0.31221258450369815,0.42132937373997303,0.0760887832791455
0.3253633572732775,0.1058259752754939,0.07609046067052079
0.33874599146048323,0.8299843735193914,0.07611368266102203
0.4826744495281936,0.6089083729487379,0.0761440281260093
0.295231342649628,0.293078215261509,0.07614951692480956
0.4608939814841756,0.5403043870614532,0.07615656693174318
0.4177097043924206,0.5278072376670866,0.07616019648775309
0.30526116200960135,0.2820396094018632,0.07616404715153642
0.48167806757706355,0.1742230300911806,0.07617834298677831
0.38021424332283293,0.67488004087037,0.07618471879945514
0.4681086731315435,0.26078148060401923,0.0761870800319429
0.47558404913695307,0.2299967049563783,0.0762095905563781
0.3208777249141307,0.10087220472109291,0.07620988927750554
0.43024669028354257,0.40604102524728913,0.07622219686398157
0.2589318394121666,0.251632155392356,0.07622699245577304
0.25212372356016144,0.24560877432624198,0.0762296384974088
0.4183888042052821,0.4131011392295716,0.0762491151672958
0.4877052262234185,0.5434319736070072,0.07625366976613818
0.46915782589180244,0.30633401147289574,0.07626059117304927
0.22576804244794244,0.7880964955511086,0.07626166237494862
0.2366750600782877,0.29014529082689144,0.0762787735409008
0.4836070393278761,0.5857293160041149,0.07628062990696452
0.24721022608234844,0.558331715933222,0.07628708809111906
0.42146819306471983,0.8343385725101583,0.07629232803554489
0.4609762040386155,0.18307021341219107,0.07630686128348992
0.3766511736571272,0.46131848485551186,0.07630897373994387
0.2993196105770467,0.34371967873370846,0.07637133386000063
0.32003737187710846,0.5425608310303301,0.07637952996901157
0.296015425484993,0.39736211572545155,0.07640865196761006
0.42284576354346204,0.12225867653468399,0.07641587136117882
0.3373820025945474,0.7130793417715127,0.07646113494879558
0.4570487799835674,0.22701380746248248,0.07647759414943339
0.2910968965616276,0.2722436168565945,0.07650549158573229
0.35655656296594584,0.2375317720915443,0.0765142205847469
0.4524455102922543,0.33028914784548374,0.07651777533674091
0.2741496920567308,0.47488223403669316,0.07652302986676442
0.40322573432545405,0.7030102932865847,0.07652322943503471
0.2417551683372568,0.8342075316440161,0.07656626412373092
0.4514278457498325,0.5620111791743481,0.07656920597250264
0.23999446676969638,0.25902198651770036,0.07657400164340371
0.3759102591131158,0.24672041919376522,0.07657531286907451
0.29402599255990214,0.381396994678863,0.07657679018491614
0.40143265833577546,0.5151250682807821,0.07657837729122119
0.4187976467839528,0.5768596068864553,0.07659486392206495
0.3894066261583712,0.17488622709204193,0.07659536824042634
0.43931109385910105,0.846841555299363,0.07663342844962145
0.31389638658115815,0.7441832902821263,0.07664906773177978
0.4163437088895823,0.7813152570462111,0.07667987398337799
0.41918672242542054,0.26618682252628645,0.07669094570149991
0.362150881247681,0.6739494975325395,0.07669645372863218
0.4427262236657624,0.5366245543845726,0.07669883717744841
0.3246665969003338,0.5496564486768276,0.07672887626585215
0.407194478589607,0.5650484020258948,0.07674022437952738
0.2547930018324055,0.49607271765931527,0.07674418212644454
0.24870186193112814,0.32023113022551697,0.07679191006512416
0.3818783917521049,0.15142448544002596,0.07679377466040863
0.27155237312045954,0.8253722798136439,0.0767947466503792
0.2985602574425734,0.2506983120178623,0.07680700729671429
0.41597026045379804,0.18070381774607558,0.07681154946432428
0.28699142314270576,0.5408405369749387,0.07683361482580595
0.330436650934439,0.5335777417786471,0.07686328221997601
0.25640708964733616,0.737001779232706,0.0768728672708857
0.4241392071528852,0.8829637907215786,0.07688047482262653
0.49325653284717796,0.42043679166495285,0.07688058072892788
0.3524022971163566,0.722304884537392,0.07688663508338017
0.40977849456475923,0.5779637569359761,0.07689711835668338
0.4421579466067239,0.475256813217548,0.07691033070649736
0.3209434902138272,0.20361055906829675,0.07691801173984712
0.38249181486986195,0.41697964287515366,0.07693271492141895
0.40634325365121526,0.4513382889519173,0.07694861011657031
0.48628081501347586,0.6598922634365476,0.0769491707751665
0.4062269318118402,0.180311014621217,0.07695646976547933
0.2158420520238344,0.21106209870153006,0.07700474822189647
0.42423188918832977,0.11449281156894796,0.07702179594729779
0.29583457226799115,0.6801343516157435,0.07704643524053469
0.45700402515616867,0.3991496999356615,0.07705258746385618
0.3403142480552046,0.18555563147577525,0.07707228427968779
0.4009912670287653,0.8815493593865037,0.0770945558238756
0.3420088463951112,0.5932616084798444,0.07709876449727082
0.3178196050645211,0.49331994438280613,0.07713259092854997
0.4865835419657689,0.5308623765545953,0.07713931944093268
0.2249170187978351,0.1197373419111937,0.07715475859469538
0.17996772053075807,0.3173835141147772,0.07720085014960934
0.3952577299266331,0.3399649314395069,0.07725358282382101
0.4347896505763984,0.7870086178780634,0.07726199453783279
0.25833349605612144,0.6806794630183287,0.07726388022322532
0.3005251836998971,0.6767815471012533,0.07734114961213431
0.39081708210311006,0.4736754347447977,0.07735543305065869
0.47321339632735426,0.4279682919125317,0.07737585505141942
0.3403965741793137,0.24321941035666284,0.07738041872383436
0.2881666154056701,0.4509883430133824,0.07738821015714246
0.28066146161870786,0.260806048432079,0.07739364333209035
0.4573649518888401,0.16917169293342005,0.07741056742461408
0.33500385852046277,0.47657324413435886,0.07741464637577071
0.3909370974488454,0.11883046188018254,0.07745602091253133
0.3235294469760353,0.6482989914829654,0.07748152728333194
0.31956605197105536,0.339151162581679,0.07748626834207545
0.26096257499506137,0.24107328633044045,0.07748935421155856
0.36184537577076914,0.24608456414211208,0.07750041521364186
0.4225883651929634,0.19611429230407362,0.07751592037196246
0.37043896987948866,0.5963291788250945,0.07752190363731995
0.42748531980929994,0.5708479597675491,0.07754084266198334
0.4373070820850953,0.45626001589362,0.07757889104343865
0.2976619760063963,0.7673316655809529,0.07762259344929105
0.4097247317262521,0.6819819597165326,0.07762753126764063
0.4765582035655631,0.3660905694740956,0.07764866424487735
0.4742845468481799,0.687190298230722,0.07769271403346177
0.4034840840623942,0.6391506613788052,0.07770914419649169
0.2665433076385222,0.5705531204806408,0.07771435377905994
0.4708817596613719,0.45316645433670455,0.07773786058284975
0.42627779656042275,0.6933578165518527,0.07776245265252864
0.37362144412038656,0.6103300438938093,0.07777745396914212
0.202770544720075,0.35011588722426645,0.07780334826541584
0.3159583328286869,0.5012049347706385,0.07781397299413656
0.24716397816968347,0.19879469176921766,0.07782204509627612
0.4279673409358341,0.25848883548006507,0.07783616227023485
0.3760069629733369,0.5998192872644037,0.07784514677614472
0.30385606966818046,0.6906959543597309,0.07784741137011326
0.38958106147013016,0.3103589094829865,0.0778505655978679
0.4466844762171919,0.6709967482295672,0.07793956116534706
0.45974797119487765,0.5230145407317983,0.0779454800827374
0.36792756029442053,0.26871820125425333,0.07795792134915137
0.22182347272446568,0.14686646370587378,0.07799916139727803
0.3028650646934161,0.46445935843259245,0.07799981216912961
0.3276273906554744,0.10814748208646768,0.07800037014816343
0.3153798375881632,0.16318128651856745,0.07802175239069623
0.28578757619205863,0.32814794159320915,0.07804034563801965
0.3658965328063468,0.7460822212182485,0.07804453376681708
0.38681161885337934,0.6278435219144469,0.0780539478829272
0.4155502830174641,0.22089120609597224,0.07807519878280823
0.3036869048109426,0.47584240288184265,0.07808411596712136
0.39317855438947924,0.5206041148473737,0.07808591620029245
0.4172196502466685,0.24040111362064104,0.07809705447969675
0.4768254805367609,0.5388139992227251,0.07814405838375729
0.4295869011834529,0.7531338244864549,0.07816527356670218
0.39702452025803014,0.37757360496513637,0.07817906403620638
0.3577358068920695,0.6227840646031182,0.07818512885810992
0.3664540302905813,0.757815795842137,0.07819888854699632
0.31678429743102665,0.5446369496151685,0.07820561601503252
0.32748910025172,0.7377673160912174,0.078217920596521
0.49036756670825843,0.27952962549918525,0.07822797525488596
0.4865352993767007,0.44156574536451487,0.07824288120107782
0.3396938921301689,0.6578996821076623,0.07826222334206161
0.3338804990553793,0.7923983677796346,0.07826391881615892
0.32329033203505514,0.31984464408509317,0.07826783941408536
0.4957109077827937,0.7475270939655679,0.07826794341865198
0.28750938148854144,0.34558045685823513,0.07828291677647226
0.37983995143252636,0.1005541778329115,0.07828757249558477
0.4224866317527901,0.4230246648509083,0.07829869335872536
0.4081299169973418,0.40281504112475386,0.07830882078987692
0.3121609886550891,0.18065019574236924,0.07830948828624038
0.4626477495575324,0.8899345155893836,0.07833339874391157
0.24599105204347077,0.22441335634326018,0.07833727526657047
0.3744510952985195,0.2958993932369882,0.07836580221949063
0.4039391745780587,0.45195375769110124,0.07838215313116075
0.24422446979128176,0.8069504858736979,0.07838690507216094
0.3514174001032443,0.6754533587815518,0.0783980440733145
0.25901326130894675,0.7273132671324131,0.07843645861717387
0.33399029990168383,0.4993768718874083,0.07845843558609543
0.3985857329349358,0.3641827709074419,0.07846039034785317
0.2033533177141226,0.2650318913856464,0.07846366335561519
0.45992303255574996,0.8813144006237087,0.07846619678554394
0.3274529040150044,0.6447093452364296,0.07847078844111718
0.42924799575659833,0.21955245078554403,0.07847727509831237
0.36502467275895156,0.4539404295556063,0.07850013889350145
0.2882700733345632,0.4326041844859647,0.07853105228818955
0.278195836029253,0.5476223105224935,0.07854628238109429
0.4205575794613787,0.8462153904305207,0.0785697572250252
0.4263141310871509,0.6171766027296719,0.07861024472034159
0.4585695675438244,0.44298050820444357,0.07861819353360598
0.42497556812998316,0.5361461085622432,0.07864802560532468
0.3296816136794326,0.5813446686209879,0.07864867458472645
0.37660299139353437,0.6222897799642247,0.07869968951994037
0.37228304984138816,0.6659094244897785,0.0787086364041876
0.4431778378854042,0.4981532217866914,0.07873503516276184
0.3039709794498094,0.737662146415345,0.07876179789147708
0.3317643933234863,0.5081595279322786,0.07876562660822999
0.4485752665855084,0.14533523895911787,0.07879685236361662
0.2639257461328881,0.7886220219594768,0.0788082497783105
0.47781046338774413,0.8995288536439009,0.0788717519872206
0.2829545281721742,0.42253534892306177,0.07887218352754133
0.45435699974253796,0.6986393609040051,0.07889794582880073
0.3162411471915033,0.6608615678962885,0.0789198733317672
0.34797557125085044,0.6082062186916296,0.07892025816107674
0.4364919260636444,0.6620200050088877,0.07893212684489923
0.36923772926604204,0.4038799958447249,0.07893891137816807
0.47409137752686303,0.49630754206030436,0.07894219576313122
0.4429215096179814,0.27239576735611426,0.0789441948743787
0.3804360303099722,0.5678113597555744,0.0789511763529963
0.3246254207895929,0.4166575603499927,0.0789777589117627
0.39661193532010774,0.38383342885180993,0.07898466397713944
0.36030918660799094,0.47165404171616454,0.07899355466540822
0.2859221604375912,0.43502278157678365,0.07899911524210983
0.20035997030232944,0.3605203671881755,0.0790010713018774
0.2850208430056312,0.1731954820264111,0.07902807730178237
0.469164641001082,0.8506107657159617,0.07902981314609227
0.4661686185762598,0.7242869108672136,0.07904887480313148
0.22480314319255684,0.7302532230825236,0.07906490140736847
0.38993974288252875,0.7881024908128174,0.07908092408605161
0.3401808224851651,0.5399018494473832,0.0791010108384771
0.49619905134382913,0.8504003082220418,0.07911763938040749
0.4587427508241132,0.5028475960587929,0.07911856007672874
0.35964434163498027,0.8865552660796331,0.07912940782263045
0.3237414351743685,0.33130597621687646,0.07913373386313646
0.42518921069904414,0.5016265530598076,0.07916463080995446
0.22421449508409014,0.6514635456349291,0.07916565815284199
0.3864158453394051,0.7469828512391069,0.07916885641993687
0.37752813619507475,0.7208304627253839,0.0791722833185399
0.39232425320110764,0.26718732093806263,0.07920288833589746
0.35331217969843365,0.2034528436281809,0.07921126228510451
0.2234349602214819,0.23642176680110874,0.07921268047539991
0.29056863990121956,0.13382233776047725,0.0792161807746628
0.47808800440524823,0.30571949860662295,0.07922459353065343
0.4340594842744274,0.6034328722814284,0.07924388328338007
0.3700996944104905,0.8407360712133186,0.07925559033213538
0.4547941945834637,0.41408842492645614,0.07927368070112951
0.2885204706679168,0.5382191641953272,0.07928817485836306
0.22677648358881247,0.717388030397164,0.07929136287474002
0.33262556611584493,0.44644923887281274,0.07931333569742616
0.49002073182828076,0.6359557017157536,0.07933461333270733
0.29296619559438797,0.5531770305510536,0.07933704884994322
0.47604121561128854,0.6289920381317435,0.07934863716996356
0.42004736833323464,0.714024634832877,0.07935363167973694
0.25433648128452657,0.5191961470557406,0.07938466057099483
0.4326414383163929,0.5424209468024633,0.07944424289172992
0.3527802895159172,0.6457502293509838,0.07946043302212988
0.4112423909344498,0.7115265640599718,0.07946222782348689
0.3992151182590429,0.38626101294723747,0.07946764259391231
0.4385501629934694,0.742870132505196,0.07947708282998756
0.37900666626374346,0.552911481808758,0.07947946984293788
0.4947487053753261,0.25950570905478754,0.07950463813452831
0.3889290928218294,0.5350004964272663,0.07958508004221064
0.33553123938007356,0.3812498115347336,0.07960316065478838
0.40754477441805415,0.3640465069483153,0.07960415903226889
0.3384523607738459,0.7951537533348887,0.07962959461859435
0.4599257595796029,0.6810433995885843,0.07963205789512065
0.3485593740917744,0.4167359397836511,0.07963421078140971
0.29791464180386484,0.6325157367725499,0.07963497938926775
0.21724107857272565,0.44583236800983805,0.0796687094505706
0.3086139722687905,0.6262805378033491,0.07968059104359784
0.40857903671736784,0.29960839045554655,0.07968762343016432
0.27675939466078214,0.774110796454423,0.07970628677215447
0.3311368679247325,0.1062701783431491,0.07970919413786189
0.3118179727457425,0.8981934658535851,0.07973588980238894
0.40234541347073427,0.5252605978189185,0.07973794783044798
0.38476698573575085,0.4800189057923385,0.07974339686506486
0.31050761308053537,0.24228189241833534,0.0797502060509948
0.4401581822688466,0.31180565144879335,0.07975419336308748
0.41291281872707664,0.3717467957839329,0.07975645298295043
0.3873717204227147,0.6560957936969707,0.0797732790193859
0.25016164765581783,0.5470812066551055,0.07977370232126153
0.4369088005630607,0.6147807645016259,0.07982241898824326
0.25547616917007543,0.36449725864266913,0.07982627046781786
0.39692633055181836,0.4236344131249249,0.07983249547090021
0.313832638846,0.45744299064378946,0.07983752784280122
0.38969825132193947,0.26513277758864084,0.0798880163896469
0.4020524042130593,0.22293859937624455,0.07992893936748606
0.26319203935953117,0.18970014386026232,0.07994857291263983
0.394920641943867,0.8618157903236491,0.07994992151050498
0.2918284285056297,0.6337804497479176,0.07997629862012422
0.21637179740617288,0.717883541579419,0.07998152935513093
0.3428107466888113,0.22807106051193468,0.08000647302896162
0.49698462029277135,0.12968029671330347,0.08003456802438377
0.2531787018128443,0.5375668872489653,0.0800426493139101
0.47042122627864813,0.6477759527156776,0.08004891477861836
0.39698092644957694,0.3092746252928632,0.08008247598636749
0.3454197284497296,0.14030677162277483,0.0801099827920594
0.2766977133344005,0.3589348267265179,0.08012460821707933
0.3041400927733225,0.6532960625892736,0.08017186765883935
0.442391360589803,0.8270933216753242,0.08017496128844576
0.3996227639990302,0.3705435712386127,0.08021158423810493
0.37739286801818805,0.575470642814801,0.08022611642527562
0.30547995544448275,0.1823864579478153,0.08023910175257501
0.23243605995119193,0.4997821473671331,0.0802523256655709
0.2635142421155257,0.3705674567865519,0.08027310731028348
0.26283702023975297,0.7576696911654314,0.0802767398816458
0.32167716119619216,0.48167543494626774,0.08027709933598688
0.26030200146245386,0.5989121687740268,0.08028483545417331
0.19162319797003002,0.6801771767698244,0.08029203622268705
0.27626199970797904,0.537624357203008,0.08029954740778442
0.3526329518970378,0.3540235705709094,0.08030601672530248
0.34533273715676804,0.733384216889586,0.08031801181532804
0.31931618899864667,0.2574651919779939,0.08032541876514947
0.25638911106781903,0.47488380683291986,0.08032846203486974
0.32353528197069215,0.5152617012027294,0.08032889133798161
0.2060737353314231,0.37559667842928546,0.08035185671156315
0.4399495960356411,0.549731326061027,0.0803597216958215
0.3510960717518149,0.3280996242077485,0.08036808371068316
0.3254037111428465,0.7409261443343295,0.08037594367456631
0.3745879553888939,0.5821788072601407,0.08039163583381854
0.1931653689654089,0.7102177164029879,0.0803933163599653
0.4964847683783149,0.3904014322650401,0.0803962198495678
0.3248986424673344,0.37920393448091294,0.08040587891101726
0.3337741101668553,0.20740807881969012,0.08044455015983207
0.424727062120692,0.10606277949332404,0.08045430904484176
0.27279618747302364,0.500889850680012,0.08049068525912802
0.23841046054528295,0.71663116836093,0.08050031510835833
0.3138741795539375,0.31852931674742646,0.08050192787291378
0.3310304177789447,0.5291501001119421,0.08052123421187714
0.16578251400179447,0.21306509104475532,0.08054066937556378
0.1368760195881097,0.445138718672497,0.08054250630025715
0.3365648496445758,0.42311883916929316,0.08054783115681648
0.4729560570599458,0.44843061726229316,0.08055236019388988
0.41512354062167434,0.31054086226663125,0.0805719884365682
0.29228512089751,0.4529482329250216,0.08060113178267832
0.3049597113406378,0.30632737114572817,0.08066471254199255
0.31611251597974716,0.6187644515761994,0.08070960840799288
0.3672235078070174,0.8278589436664001,0.08071928291274715
0.4016946108051934,0.11323629610350033,0.08072846646693958
0.4053230196945098,0.4868290100021401,0.08076041960715491
0.43148969867209874,0.36152368762391773,0.08077442251132884
0.28853392636019143,0.14754657414430117,0.08077671203494055
0.29651239296627174,0.3933758457792481,0.08078069316517324
0.32528063607549096,0.6506499802097182,0.08081147704879697
0.38019481965034374,0.23431202305385598,0.0808168205832991
0.3583195103254001,0.30232596786815363,0.08082912841203951
0.20467986417018663,0.6526081113518084,0.08083985790008087
0.461536846946797,0.5931064215597018,0.0808424237402356
0.35133945798747246,0.7855377845470087,0.08084518435803408
0.4884276471539126,0.35291423984582937,0.08088658652233421
0.24758535257770697,0.10066172992571767,0.08090322778160909
0.4103962742224879,0.2744234603988379,0.08092449675999737
0.3632262611642004,0.10623671928294867,0.08092814495279016
0.35237893765747863,0.5806862680320565,0.08093008027798644
0.25920061375458303,0.10850986175702514,0.08093855124293069
0.3855481253064801,0.6646419013785196,0.08100782170586278
0.30950694836366655,0.8441349158127542,0.08100951606139649
0.332017867837454,0.14986638657183715,0.0810192421361154
0.3617482284566037,0.635577367083641,0.08105614482987027
0.2918484925926391,0.5826345987111262,0.08108719577321634
0.2698634789576533,0.5471559578120916,0.0811072960841636
0.25097659202087985,0.49379352694255907,0.08113528693984806
0.28283639754619544,0.5263654489562399,0.08115275784850774
0.46328820412045046,0.29216167461208253,0.08116000751111775
0.4396035738420575,0.10515369869501852,0.08116903651812606
0.30688001931448655,0.5669433747171503,0.08119944820690717
0.3991142997160978,0.5125106379445581,0.0812121360757092
0.24014109435608977,0.1256525774742616,0.08123422150801479
0.40885488690130656,0.2527316635407396,0.08123649660524619
0.3490009028272988,0.7848690516427825,0.08123937534933551
0.34479238007985236,0.18375142719956916,0.08125503925208508
0.4432832582370253,0.8664938059063586,0.0812917621154058
0.30335880320052144,0.5276505017732873,0.08133408658219839
0.26268693185658876,0.2799002990565671,0.08133660074809802
0.4957167189805183,0.16410050157158232,0.08134414622632838
0.46229951363652133,0.15619914090814593,0.0813558584068783
0.47685063799047167,0.44302936738976706,0.08135891743714907
0.3343005076683166,0.7121967268723877,0.08136673310441385
0.3654349159674072,0.23692191891486916,0.08136792744294431
0.39632043801540695,0.7169875344284964,0.08137253972434291
0.3225791050724114,0.38036165879021044,0.08137390185258243
0.24862380842340684,0.5658705802744185,0.08137488005341931
0.4525147849335095,0.20813745903675748,0.08139042280616768
0.3622972452559391,0.11464632620888944,0.08140434224091789
0.35237335439998285,0.2503437347175324,0.08144138761038111
0.4759219128219926,0.4503008416491453,0.0814527646556202
0.41711621303384006,0.8176540467021206,0.08147622789246008
0.44509824038965495,0.6161290524282068,0.08148306530622212
0.3546110466911301,0.2922325826358264,0.08148335375713661
0.31730245052127604,0.59389920959155,0.08150852077844789
0.4403335915575517,0.6730675438906426,0.08150859158758458
0.25465505648009223,0.3814892577334589,0.08151048486075725
0.26663843025484996,0.4403813833148199,0.0815375828394739
0.2974523272814531,0.36751970177680093,0.08154581698335456
0.27391656951177806,0.27294244436211845,0.08156480054121151
0.4324067664518533,0.6565400911222165,0.08161585979964082
0.2690829423964385,0.7805483175815379,0.08162190105291521
0.2814904976638249,0.5820491565197603,0.08164951374696705
0.2532173242062514,0.6159470918910751,0.08165217364162412
0.4816106230447591,0.5031631228373228,0.08167457709053096
0.33784429197854593,0.14166201621792418,0.08167738304737188
0.36275247076037076,0.8106229674445758,0.08168565979307632
0.32080540047708095,0.4576455044013701,0.08168569244798174
0.45551415086772906,0.8897605830176908,0.08168645933142876
0.28512295337483634,0.39115058158591687,0.0816949767043424
0.33649645937955786,0.4584671236808926,0.08169684988633236
0.42996574600318416,0.7851477973977797,0.08171881311368596
0.26427071917007583,0.5285946209328588,0.08172785719238042
0.30135610461366924,0.25463770114418594,0.08173656753162567
0.3241808295251485,0.19250610830856818,0.08175853000136786
0.289816060616394,0.379440906929042,0.08176242951474762
0.44249609976471993,0.7456284457356037,0.08176882520804585
0.42931978827923,0.84849814454316,0.08178459167172414
0.37760732709526434,0.865576442026676,0.08182164820957699
0.3894332055666928,0.2092198306048741,0.08184560627536511
0.33579040058845205,0.23483845054096167,0.08185678610532032
0.43343238171931786,0.863191559549625,0.08185760795678138
0.31594890956960275,0.7133571975287651,0.0818690505998996
0.4396141721907526,0.22934423031601636,0.08191811905059385
0.36294711051462636,0.10668263743635881,0.08191840713442562
0.3754595997353093,0.7038243599788121,0.08191921352808486
0.33789940357167414,0.3035440095255503,0.08192678110280074
0.4413007919473062,0.21052476814364846,0.08194255208999128
0.3200534082832026,0.24034879114377647,0.08197687078328689
0.4906971726033674,0.7867938440415408,0.08198056178638509
0.43141605346000056,0.3443407796916763,0.08198162238273074
0.37962675061516227,0.3958358270657065,0.08200079961067867
0.31970229921389237,0.29069109202595744,0.08201338913962719
0.33421791014918,0.276676125987031,0.08201425760363523
0.3709567746540552,0.6262961813995658,0.08201530134215566
0.40808202476787525,0.534551762668727,0.08202410157425137
0.30165462793079034,0.810741045408681,0.08203434474392145
0.4685699582077154,0.20232723323272606,0.082046157506207
0.3339084881629054,0.49711651848579563,0.08205270156835302
0.2896431223760452,0.5673976166383369,0.0820964374562909
0.4820644044522654,0.8997224217526613,0.0821148095006135
0.3199158183087192,0.7078225161943582,0.08211684122735065
0.4180238082712334,0.7990976090234343,0.08213458599251793
0.24309241067279672,0.2833042101518308,0.08220768983392118
0.3834393641967203,0.5803051588899749,0.08220772869947394
0.38861490187562364,0.8475458350790246,0.08221024069370518
0.4794230437845747,0.7460061858010579,0.08221047649647507
0.4007083319405502,0.4461060340700679,0.08231908096461169
0.20798916994267405,0.32128091681231635,0.08233090967841625
0.2695552171020331,0.5962153950800865,0.08242994116298098
0.22618040609242704,0.229666077984961,0.08244007845885151
0.4994956487225575,0.8814739364689028,0.0824494752550385
0.2813178860652706,0.7941932109561181,0.08245563504469217
0.2159683959748108,0.6097534150547319,0.0824735626399698
0.36000993906397205,0.767056894925295,0.08247822493544846
0.2626307178378541,0.5881369312517661,0.08248305374590477
0.28700512663303435,0.692071048833148,0.08251732541104607
0.3724238903650009,0.10408818734826913,0.08252904341118708
0.17560717711244306,0.10110663952250061,0.08254676816150691
0.48314865582971833,0.16457026614442782,0.08256165968421054
0.4860930503674742,0.6410116520826032,0.08256431745829321
0.3588641666422946,0.7466421548735697,0.08256550371575425
0.4961961519614452,0.8883112593863811,0.08257200016991968
0.3745328202130652,0.4573979412821777,0.08257659495524422
0.19930883493025614,0.5707372725751166,0.08258212415312553
0.3265722840090298,0.6628350572938329,0.0825892469993088
0.3167721469187131,0.27522167611870485,0.08260102791012128
0.2620463145710298,0.6523158832357624,0.08262689306658551
0.28550995629167175,0.5948275561615034,0.08265717021962556
0.43573078226381845,0.4131330526044227,0.0826736711395174
0.4375524913792256,0.27106922022760793,0.08268357466711575
0.2368132206733249,0.806510449331638,0.08268377217671265
0.28399496053325646,0.7329714815744705,0.08269398793265123
0.24975442062006503,0.6225399711224117,0.08273156390097551
0.2972653738503874,0.47344008176072616,0.0827504928921373
0.3740688455188057,0.7869528460966074,0.08275732680067102
0.4482724066047985,0.489019806819586,0.08277485787792606
0.3045612475582433,0.682501843348486,0.08278423430729522
0.49856769428289804,0.6896455533450072,0.0827856354065348
0.3307150982863113,0.6500212619158668,0.0828415378410463
0.3428630431874653,0.27861476707513255,0.08284160405618154
0.4858130788609005,0.37432304625413637,0.08286840890912961
0.2993147411719288,0.6137279448644711,0.08288521585101874
0.35604298117122035,0.37746191404765106,0.08288677305241146
0.2589353172151265,0.3354614826326464,0.08290087896981757
0.4781658011525346,0.8558040281357456,0.08295338494784409
0.35448119369668074,0.4594063047971024,0.08296823567130449
0.24173701011448126,0.6825618257786903,0.08297743518641335
0.40819415241174173,0.8862284302495091,0.08299207308768801
0.33073969735789804,0.8603521619755201,0.08301594365716827
0.4891073770256943,0.8207496592053362,0.0830257082029813
0.3715281985953588,0.34887357649262907,0.08302958152389724
0.22393787465919326,0.4212900530930107,0.0830377711166784
0.4994932627297345,0.7674200298007513,0.08304720579615918
0.15555352847651638,0.2158013492332539,0.08305042294512525
0.47743344194879966,0.3167146288009983,0.08311463723876557
0.29801517935833594,0.22896732085186608,0.0831170169507351
0.291525345554006,0.8123375804258554,0.08311913937884341
0.2790740343240826,0.1219916129956097,0.0831301877642844
0.35675349224328834,0.17669982481895863,0.08313869078852132
0.4340613131772876,0.5147282264906218,0.08320336080611238
0.34675935199152175,0.7802926660871766,0.08320397919147354
0.35163209770346116,0.1312038093393375,0.08326282075746955
0.38508229133218463,0.5264528903831108,0.08328420537404817
0.28057768543186423,0.22252211313463877,0.08328610778643532
0.337326106361569,0.5677691904934811,0.083296859179861
0.2716918610097994,0.4489740885151866,0.08330084520956936
0.31525272352663625,0.7951278233313029,0.08330768510216338
0.3132720071621203,0.14043478646584984,0.0833498392824795
0.299560254594826,0.5867768737952671,0.08337478175053818
0.2143507036022983,0.8478105215028479,0.08337762782393413
0.29472002803765796,0.6602065450212556,0.08338064784733451
0.3863363321977713,0.3943954648822361,0.08339077097566604
0.2550997346593283,0.4637592853892263,0.08340160894769251
0.34554187170581874,0.6198594737191517,0.08340506987962835
0.22507892905519045,0.2737333669672285,0.08341236451124198
0.3864965512271492,0.14108697525765637,0.08342860573757539
0.3727474350124321,0.24468793870241143,0.08343152145087299
0.29610930011081804,0.6752270206156263,0.08344340629084981
0.3485548803042895,0.29375713346783827,0.08344387436802492
0.2645454288583927,0.5938810159804785,0.08344463822085098
0.4485958697623663,0.22630256038512844,0.0834539008029299
0.28441000090063573,0.4038582488278549,0.0834726915390074
0.3892614860034186,0.5749919174733414,0.08349141923425102
0.20735670824343228,0.3274027161678865,0.08349512387726037
0.19804592575063662,0.23791124883329326,0.08351709267354838
0.38459211148751726,0.5511853863895326,0.08352312234134728
0.3854236644740029,0.8754898304456501,0.08355063400836919
0.2518995097319302,0.5507942570855047,0.08355333297604207
0.44386327184920016,0.8556013999154105,0.08357124083927735
0.4698566711799861,0.5027377071501945,0.08357300799200305
0.4479540542370687,0.12121416527468201,0.08363807674407484
0.35593994644059046,0.6241735126438572,0.0836387940682859
0.37646071378917334,0.7049600476810257,0.08365239017092217
0.34093572807502875,0.6499625988840341,0.08365242429102898
0.28732175101860946,0.2839833262822691,0.0836657349318224
0.4231986192379519,0.8668709899522264,0.08367252735346647
0.2698567950306874,0.44256097705590336,0.08368106654206056
0.3246232909897777,0.7411172281300724,0.08371792840090007
0.2772386035445836,0.27338719852952204,0.08372761694148406
0.376550782407845,0.8732774819462599,0.08373345600544697
0.2558770265629664,0.6258089395617346,0.08376862036450322
0.27570907057990846,0.5677465847359777,0.08378093453300443
0.3782043681818632,0.6537197116001918,0.08379631107165976
0.31482635126519065,0.16407593396975056,0.08379786670088489
0.3174900370037555,0.23050034410903547,0.08380527931194558
0.3596617526879923,0.5053919803250951,0.08380923163803353
0.32652259289786034,0.1416788232780795,0.08381248682949759
0.17396466869208543,0.5960628942112982,0.08382011093238256
0.3431411437900086,0.6808338637631038,0.08384524162405528
0.3461283152416737,0.49382920776265526,0.08388293042204405
0.49439146854517724,0.6115225742443131,0.08388310266981604
0.25282494182921345,0.7079951473138795,0.08388751385845734
0.23387300532242056,0.40295568430716144,0.08389135273719174
0.4930699735903462,0.6967379481398266,0.08389521079130499
0.44412347956121945,0.26326025628472954,0.08389525860493216
0.34650753937891615,0.28493657592321836,0.0838966856767173
0.339610938288889,0.8362132594316742,0.08389684325819478
0.1663349149880117,0.18334545136720895,0.08390350886067008
0.3785497026951038,0.5557394461184779,0.08391005725865847
0.24992118551210926,0.7572698998596902,0.08391813176998253
0.2818366652533668,0.5137240053475619,0.08394443379730485
0.4039427764460586,0.25034921836385504,0.08394525133375036
0.2117295925482816,0.37073533676865644,0.08394590127681181
0.17655981406703028,0.6914135188471788,0.08394725518872147
0.39873100575402665,0.4422445242398364,0.08397820751435672
0.4802983674511173,0.501554927668198,0.08398265172709449
0.25333511011646237,0.8490801984903389,0.08401134407264647
0.4166004769555075,0.5444281877349817,0.08403133476524821
0.3521247009482785,0.7491590932567539,0.08404509505029116
0.47006469184743893,0.11303009822492119,0.08407207457985026
0.24054341418334946,0.6742992990586748,0.08408047287145799
0.3144551976240882,0.6411411785647612,0.08408404530112769
0.44184960627468917,0.6196509211044507,0.08408822604308416
0.47099221152830817,0.18811140045248964,0.08410834368888968
0.42450219084446383,0.5115919985276015,0.08412320704890006
0.25863122085806767,0.4617500481307667,0.08412487599141003
0.3032714104759412,0.47049441931628866,0.08415039072350708
0.41074140767150435,0.7339663900727523,0.08417880558166958
0.40155670699735957,0.8521371643680185,0.08420134068696765
0.46861315358169187,0.3554090829824711,0.0842109816097496
0.3145351050589838,0.6647741029116396,0.08421684124654925
0.21599958752593995,0.205761012035161,0.08422896507852101
0.41979172643300433,0.4792202895858322,0.0842482306402204
0.3550792173374361,0.5092643942097247,0.08429278127900808
0.40630116154942364,0.1413556031326988,0.08430954760240697
0.3763455106895036,0.6747684118977842,0.08431728965939524
0.42186090900593465,0.35070798887703136,0.08436454599155593
0.40091367948980094,0.6127156825918578,0.08436847942479431
0.4421191542000015,0.21304794411214703,0.08438977335024912
0.27867611368339607,0.5522037267143708,0.08439224215323751
0.43671931841844946,0.43335689774912023,0.08440743507084841
0.4880492285940057,0.6475578938589776,0.0844291972910682
0.23054756833773105,0.7515456201713755,0.08443554407816352
0.4753785625163752,0.3253745162432627,0.0844421822368421
0.3644850857527293,0.11978930089608752,0.08445652631135392
0.31785272129441267,0.17339697911508622,0.08446802116759479
0.3818048924939751,0.25323542227760776,0.08449331548958011
0.4887112948232035,0.3857911316944006,0.08452090510573432
0.3223621081588285,0.8099347573880391,0.08452796213667295
0.3520988564613168,0.25356404436764046,0.08454077929916053
0.20294980336816956,0.13268124047768196,0.08455836111768007
0.24790774063695717,0.6526523718173849,0.08456123049621711
0.27423130268739687,0.4777221644595364,0.08456588174714072
0.4322651999945327,0.8669492068537953,0.08456590098176522
0.453167195474919,0.452233926381572,0.08461614885063326
0.48835189392578515,0.8761507465841913,0.0846171842727327
0.31131836195130447,0.6706236249928317,0.08463501210998947
0.49717657223407397,0.3384535612817591,0.0846384291360363
0.2953574235432513,0.20064540244694973,0.08465732385103628
0.40264537290990854,0.19806499656764862,0.08470769975138653
0.27092516953696305,0.7538521739905762,0.08472537870306329
0.4148631239109598,0.1350724222042997,0.0847271220583416
0.2811611063453182,0.40070060629487936,0.084773679068073
0.39259832656157556,0.686801647112164,0.08478601830019099
0.3496226253225834,0.2792544169551963,0.08478958108365406
0.44175386721059173,0.4885997100857201,0.084796490212323
0.4259116149711908,0.6079879787641717,0.08480985196202001
0.29335201025755375,0.3670307340699208,0.08483708222190904
0.250094535517844,0.14178107182467264,0.08484363111241326
0.2965548254846666,0.3135362805262799,0.0848660848503288
0.3850597913711272,0.786554389350834,0.0848845094858505
0.28885220562979774,0.2989790940975013,0.08488494105904955
0.3031664261043524,0.23439340716352622,0.08490271726502192
0.4546300278892571,0.21844526862471048,0.0849124676738037
0.3983027415621334,0.8908777670634341,0.08492742899856161
0.38111236685260375,0.42042452499010885,0.08493342911737721
0.36478346184991894,0.8793684026136395,0.08496914516943489
0.4885095794523092,0.7000359073408227,0.08496918544913833
0.22000482538580043,0.24720717506436946,0.08497001841116535
0.29543065559969506,0.48408679438842095,0.08498500374209939
0.48201080435201415,0.3405277296750375,0.08501293452207782
0.35442015779279235,0.42362080216090037,0.08501852528435751
0.47620336768451743,0.6328405788723945,0.08510167264256051
0.4879941276004336,0.695929603913725,0.08510775355412159
0.41857718428079427,0.6428887718316727,0.08519065117091246
0.3680312252770427,0.4826119628025224,0.0852160437050859
0.25428602821209556,0.7489650647566348,0.08526366044688194
0.3078002824063716,0.8321000847095987,0.08527445839136646
0.381916417577003,0.6198709325012612,0.08533197382491704
0.2886527484246383,0.6404052468844118,0.08534116571716449
0.3067261862711407,0.7550370369674904,0.0853542391927696
0.36964972609860747,0.36230217433988987,0.08536359318913588
0.2976282559601125,0.45587058011624737,0.08536643208574736
0.34399217442384555,0.36017264515733227,0.08538559210368052
0.45832474222450015,0.8638450944032567,0.08540723263877678
0.48126018563449713,0.37661758379423427,0.08541286313029813
0.2314778476212169,0.5268875868738124,0.08544198905322596
0.44271176758466235,0.7147186723304002,0.08544273387961014
0.2879534682388085,0.3453204678771069,0.08545760541569315
0.3543305850780094,0.5051378284384004,0.08547032340256677
0.33697115460976357,0.8134812337618484,0.08547329541503267
0.26381129072207465,0.4793050361566781,0.08550650956834949
0.3015965805113961,0.6091473553496582,0.08552166711398
0.28127502515500247,0.7772820327363971,0.08556309263182826
0.26454244116683723,0.28446138652101327,0.08556311456799634
0.2962048670254605,0.26619139255176566,0.0855661068201219
0.30480582245793647,0.8613310854903301,0.0855906858902859
0.28105763077020357,0.33349335037344274,0.08559220473478661
0.46152647331951513,0.3732257625129748,0.08562324030076897
0.48738078435841126,0.6389547558303236,0.08563621100319578
0.4022363948809081,0.7899715808916011,0.08564012175118436
0.4654842786230261,0.801690214691431,0.08565526538058134
0.39226128733132015,0.33372586783524893,0.0856653030325285
0.3019537700345062,0.34740792382339275,0.0856653106743781
0.2327520437448376,0.5334791765939751,0.08567968779974101
0.2613652499337623,0.4117820179485854,0.08569187567904424
0.2688267001968448,0.36418278822812356,0.08570992773247255
0.22303074478934787,0.4995177000955032,0.08571567788516936
0.3092599916096821,0.3335698447658689,0.08572507433101786
0.16965727798809194,0.7023222708282097,0.08575172857573687
0.43193908018896165,0.7737657210555796,0.0857779431810828
0.42883838143398256,0.8642303067745694,0.08579121059257531
0.19601882904702098,0.272980198847663,0.08581904656111525
0.28785846064260545,0.6267212285606445,0.08582604913968041
0.43650622625806,0.6292753130283435,0.08583664760947743
0.3105330091517028,0.6754708941512036,0.08586292620721361
0.2811550199677988,0.4784949332394298,0.08588992252426349
0.20008948469843216,0.7524565277252354,0.08590076145589626
0.2335890847645864,0.22659894056083668,0.08591474119294444
0.2754826868482122,0.2567246179123524,0.0859154236907946
0.420486017146419,0.8077072385850623,0.08591636776792771
0.4891515385341698,0.7469293465413495,0.08592093581601018
0.3322838775453226,0.8913408109403618,0.08593615396262458
0.49417598485651626,0.4894531788046723,0.08593797040514597
0.20190217313692782,0.2201203907779674,0.0859425993910726
0.3593483858281361,0.16879686362987467,0.0859449377991264
0.41764235898719004,0.7348157753540269,0.08594560678288427
0.22357276202019452,0.8544014909376852,0.08598394973977927
0.35149389322021296,0.3745241055539522,0.08599567357515946
0.26029953712423237,0.6855091709749758,0.0860229990582297
0.3607511839061207,0.3981639529625973,0.08606233740444753
0.4861443425156238,0.22024869912275663,0.08607417468134958
0.3663073150617647,0.2174529176621096,0.08607836175839997
0.3586650243185626,0.7072054947567209,0.08611463818523186
0.21150694611136395,0.42861191448564673,0.08614729374317776
0.48755531202586955,0.31481127655362673,0.08614876724901152
0.32088367119663197,0.8980352109686883,0.08615917292933038
0.48635520463065274,0.5902936030889119,0.08617104015354848
0.38701462819459853,0.1047724478388509,0.08618330938188268
0.32902872345630013,0.2443383075848627,0.0862258344515695
0.48349641676411803,0.7348522094722933,0.08622713100252535
0.3593677182161248,0.8840385075380047,0.08624329129348869
0.18932864247785913,0.6663487170161938,0.08625835982346597
0.2829896522634573,0.7764493988029874,0.08627080464128044
0.22746032705657374,0.3956232000735421,0.08631534835345342
0.3540697427414383,0.5442969977699154,0.08632442134007848
0.40955810201487397,0.6955894207665726,0.08632696943898244
0.19360226751449977,0.5036724294594735,0.08634699812093319
0.3798641076036241,0.27015178554771513,0.08638212383945287
0.30160934260036076,0.6954607842997184,0.08638990864442024
0.37693695912807057,0.7521838654314456,0.08639134193133229
0.31550716211008367,0.42346241549711383,0.08640994105600851
0.40992124701938215,0.42830120757119616,0.08642574213222634
0.3236165950577823,0.7211273969792863,0.08646713519536497
0.47463024776239204,0.2750583720269203,0.08647643816188755
0.4949506067477989,0.32237941155852684,0.08649784023262859
0.20765987309547454,0.6970091943218516,0.08650597383251778
0.261289066195008,0.23582460476556222,0.08651861890560515
0.3295578823858091,0.8178157304481173,0.08656656597247019
0.3172917774154824,0.8580023653876157,0.0865915615455722
0.4460325244119012,0.7889582043248162,0.08661645697778088
0.3123477442905279,0.5788940386872576,0.08662007739357123
0.3834762266700117,0.8152936732621664,0.08664605505043783
0.339222018689948,0.24921225173985803,0.08666650554321541
0.34460903233297224,0.5178905454864559,0.08667440782879261
0.4120136437156001,0.5997069954178766,0.08668972291067076
0.37555638799552327,0.30194509326525343,0.0866959432555283
0.3549006305518513,0.5264313207533622,0.08670739787502384
0.41118344711987986,0.14473580700065014,0.08676017460937366
0.36316681349302593,0.5568282589912361,0.08678287931017993
0.253605371087222,0.4270532000918633,0.08678617513714634
0.28746062980061504,0.4425397378230641,0.08682441669832489
0.2722328347013042,0.7337786188093641,0.08683386237215955
0.344994502923602,0.46871892062931086,0.08684620836478811
0.34477613589226086,0.7155957605134133,0.08688265653910036
0.32812081889273825,0.7104418159181474,0.08688502268496337
0.4945395049461522,0.8326222180721523,0.08691168792561761
0.4075562117009598,0.10110651272963152,0.08691926704575516
0.4307164530752182,0.8983932750230411,0.0869303272480728
0.4027301785486491,0.30451629456874196,0.08696302209919256
0.28324437590121365,0.2316659581499108,0.08697606087459693
0.3663960500777942,0.11848103580360539,0.0869806891759517
0.3729218952713188,0.44729183460912514,0.08698279877946351
0.3228668482920246,0.7497065374299611,0.08699375463031528
0.3274429283443399,0.2453166084949091,0.08699446659860982
0.3690135702686548,0.7118623342686452,0.08700859088890134
0.32414823588494573,0.6856117589683196,0.08702015979136724
0.41464385449889407,0.5942328185196856,0.08704136598753291
0.41554537223062227,0.1328271876932334,0.08707460029752945
0.2964833800273339,0.6321142721648939,0.08707731828631252
0.4084995670955024,0.8005374490947722,0.0870914923345219
0.31098797764767006,0.10914065142451009,0.08709454983121201
0.3096575200821331,0.6836150017675446,0.08711052122988945
0.3926761728418793,0.4022904894613667,0.08711570521169894
0.49331132307531644,0.497145057927622,0.08718240621323901
0.2934082773949965,0.5499682151796844,0.08722034761432323
0.33870291050751933,0.4897775595479026,0.08722287771718185
0.31715161268580405,0.6764006934997947,0.08723881483201053
0.28219142453499035,0.8949365703887423,0.08724062923709916
0.3437835367787878,0.19341516566859795,0.08730486613203865
0.41549756052515896,0.11993723974199347,0.0873315973090104
0.4517765157298629,0.31334734253429664,0.08733268314154273
0.3584082028310752,0.8183205426991548,0.08734815534440175
0.34665910002272976,0.322089587578692,0.08737934637492474
0.27479694734915194,0.23237838147068396,0.08738097526655035
0.32503063376562413,0.4476316326637626,0.0874130623651023
0.39855868760311863,0.32111492490802074,0.08742013292106521
0.26577145806039104,0.7969838691546279,0.0874744142827179
0.34883919739071556,0.33716639162408846,0.08749713950230985
0.39385539447803364,0.27562252981239843,0.08749871684280855
0.42636475547249264,0.43863392268618295,0.08752205358081515
0.348807106233696,0.349527610987023,0.08754624486397046
0.4816684148539281,0.8934956965261098,0.08756626404243241
0.401304176845398,0.4681818460648657,0.0875666522531542
0.46418224839674094,0.3001837903956549,0.08759399009834842
0.26899761374103087,0.6582422122983552,0.08759732724376343
0.2830385841947404,0.15103302938131621,0.08760231285343596
0.41606135753130535,0.561123928057424,0.08762093493247766
0.39179418189312587,0.6466077875007823,0.08762220232101724
0.41676696492659293,0.13200785780398228,0.08762519369344075
0.3216062571583176,0.6519047613095994,0.08762939424338724
0.3236986115273182,0.5230298204813314,0.08763170223701132
0.36691622962470216,0.4064819211196785,0.08763597294159507
0.2719787213175043,0.21727314903773723,0.08766332204032923
0.406080577649817,0.5662233389183527,0.08767073427373194
0.3519416308495523,0.47997804259971577,0.0876905354411041
0.424754863675212,0.7636781195180603,0.08769504302093216
0.19066302371984098,0.22290125295475802,0.08774122670985539
0.32205857345946487,0.8797999406031862,0.08779255577907898
0.29004070809868765,0.4587912413552364,0.08780139951070522
0.2838953605564352,0.7100185887396149,0.08783022309443025
0.3685940337942192,0.16388359820246068,0.08783136590938231
0.2391291613634337,0.45125802469647236,0.08783650846145229
0.31161849563262717,0.39657721214794395,0.08784177509345341
0.31664805759839676,0.48025758553164744,0.08784581424914854
0.46095884430360223,0.5767224788002953,0.08784984584570217
0.44394853460433226,0.5922508251067867,0.08785479841398651
0.3564043064443815,0.22191590211607037,0.087863285631466
0.36104660256019583,0.7022265932093955,0.08787990839776197
0.4867397180326801,0.18131188825139066,0.08788666955863692
0.44509745916927945,0.8622724257284532,0.08790497451391363
0.2383701834135286,0.7277432684130201,0.08791496953078563
0.36905757089004076,0.2966601024194717,0.08793445529707912
0.2883927102087534,0.11873364838517625,0.0879492744262258
0.47409996320375336,0.2107489319876077,0.08795283438898663
0.1766106777273691,0.3024644265931623,0.0879945218041588
0.4358595791077019,0.8225665832302682,0.08799677715646231
0.4870801794858295,0.6837960049772498,0.0880064971181159
0.38055320308972196,0.11656943070830704,0.08804400737372299
0.36142901258189297,0.4992986527372558,0.08804401692237496
0.2878064219345521,0.6193464748361849,0.08805273636633965
0.40598692314788376,0.7312992265541177,0.08805578353730123
0.456179614953501,0.47777483995435577,0.08807023717658312
0.4803054714745705,0.7078920123390633,0.08810722121915254
0.3479484874956048,0.328673421426797,0.08813686861488036
0.2759468290454584,0.8251440466345098,0.08813939549882072
0.19601862463439207,0.5364509064610817,0.08818954832674859
0.18296253543424854,0.3088224264114313,0.08820718142671875
0.464577209298637,0.7803230489301337,0.08821670239644204
0.27065281667782204,0.2705064510757539,0.08822836883940756
0.43276830951510903,0.1465674882639495,0.08823219168093993
0.3093115466217461,0.10879291869505936,0.08823468245865454
0.4828939658449273,0.24435817898942355,0.0882372884012017
0.2701039214840705,0.8085123862273843,0.08827873884669377
0.31959326773951524,0.18031498810630986,0.08830240544965769
0.3373096629688145,0.20788333079306717,0.08832392857301294
0.49379961369681924,0.6299653362402508,0.08833199040237417
0.15444081348472266,0.4528237878046232,0.08838018179114929
0.27985648958676146,0.871543420177696,0.08840045674551288
0.4126976077791238,0.7758338606709961,0.08840996821721242
0.43656970058506006,0.2767303526655159,0.08842135764834193
0.42513932195957704,0.11745986956434518,0.08844346943321621
0.40124680305894567,0.6175507455395995,0.08844989205569027
0.27957658583437955,0.5061619349263257,0.08849750408109447
0.47953031111183597,0.2814492908800986,0.08850667872690819
0.3566839283890828,0.6860700210157364,0.08851177614282692
0.3090449594280348,0.8027180963976418,0.08852668201493691
0.4614697134378598,0.41822312070649226,0.08853656648876763
0.41987957953720945,0.5185876226113109,0.0885522756112362
0.36782385724037814,0.6214242645099137,0.08855634224097156
0.3344981661207736,0.2262368922252107,0.08856572414012345
0.34246589425158197,0.3865122628299765,0.08856636081625803
0.32467115285688175,0.37427367721103255,0.08858857546886352
0.3898462341216328,0.5798871926699085,0.08860747605285571
0.2643145056789582,0.38611556972969074,0.08862463357763907
0.4895371171713446,0.8620448339375639,0.08866247857191598
0.2551504694271758,0.35406195232282167,0.08866572788121344
0.3546335072834075,0.34961733330325756,0.08866701379249696
0.4795640891665215,0.12602079157561416,0.08866741719879039
0.37836812117376706,0.18946000503714125,0.0886926070023483
0.26016804915310765,0.1901610133895676,0.08870496159208777
0.2868834025938092,0.5823756010775233,0.08875689018121324
0.30871885676458477,0.19660119971051115,0.08876163659766283
0.49734268161395456,0.5246814505165319,0.08877382871977808
0.32562774277566553,0.5466234335493222,0.08878400277361577
0.2985407188992505,0.8072477100404537,0.08878806078465076
0.2533510644857229,0.2188917019919548,0.08879696874317895
0.4467381618823064,0.740409688556137,0.08880361545081202
0.23425906388740902,0.6935216612308038,0.08884085918348349
0.24448541534355486,0.4851604597237542,0.08885882055302936
0.2771280105765228,0.7659910785611003,0.08886220879346396
0.3501000976172476,0.8306210581775699,0.08887032268428034
0.461906447150496,0.6427530655511956,0.08887551402842936
0.41264700908383123,0.8090694442793148,0.08887625075058442
0.3696498686574863,0.46072219798875436,0.08890285340598023
0.34682012628416603,0.30750396365721344,0.08890653717120989
0.3540559561649842,0.46231243766454666,0.08893394771274486
0.15038277092296873,0.23964305893773688,0.0889432505090114
0.48068844743554395,0.8609467924917767,0.08896104438832951
0.29522227743688323,0.8362743906955562,0.08897021278576649
0.4852911479500154,0.6581835044466242,0.08901150146715987
0.14786201144371722,0.47285509224206645,0.08901411923187312
0.4314300128895344,0.8872317485059414,0.08905171907288678
0.3014053937636574,0.49173687489342244,0.08906483824301199
0.22931127872883372,0.104974376966885,0.08908403651399234
0.4015239884153483,0.45919998710209353,0.08909300111601987
0.25887630047003496,0.5240835807054774,0.08911167494873364
0.1901478034272952,0.5848068428711072,0.0891265019201587
0.4361392185623836,0.6762138235716455,0.0891299055277935
0.34576454570582127,0.5206122539119241,0.08913546355818926
0.16936446099582847,0.8214895609872453,0.08914326880029871
0.2363406663374621,0.30918703140862586,0.08914973292214277
0.4044154179000746,0.22666429528093668,0.0891653218033204
0.42221640339507716,0.5477525100584554,0.08916555878382558
0.293340588243155,0.7660516352707074,0.0891877107868923
0.3528487338896765,0.3045082150694552,0.08919218669516184
0.3900159278505281,0.25186874847171103,0.08921775634836777
0.16845601117831344,0.265463267950958,0.08926677295983046
0.39211394707870306,0.8273146411217588,0.08928822622034087
0.34728331753612035,0.6784356045642946,0.08929369520836858
0.33182045162160484,0.406003225430293,0.08929427853757886
0.34667522394820105,0.5642968849373373,0.08932368122771805
0.2817998221985516,0.6459234184651412,0.08936513195523625
0.14997771683587474,0.15452891388207926,0.0893774975730299
0.2911230276383798,0.1604664856822681,0.08938770430958638
0.1908845783706263,0.8036031030387136,0.08939057575665003
0.31090640731387176,0.88603341427676,0.08939097225054549
0.46510203172141196,0.8544699304803747,0.08940227903929109
0.3621140592810692,0.8527180452964366,0.08940523982057166
0.2157531588163676,0.35491872370126676,0.08940685451087367
0.25226683279850814,0.2549363870591306,0.0894321258979462
0.32068781742325203,0.30814868425417963,0.08944473275811456
0.21192747178227023,0.5009578512494567,0.08945354131333177
0.2631918052049949,0.34983515734217613,0.08945682646937718
0.3092560416503286,0.4662750006728136,0.08947727567117894
0.36432970488996264,0.2722411886660997,0.08948098970497335
0.37294212137458826,0.10047232148711185,0.089488034677443
0.4905556837220798,0.40530366538295837,0.0894907391397835
0.34725192698502394,0.8003334948184192,0.08949740512792553
0.34133336962179445,0.211417373756946,0.0894994867205617
0.2679253948472401,0.5543500643478434,0.08950636109822059
0.3466246151978506,0.6316711469451525,0.08951594677577995
0.4343002315112524,0.3767863159628976,0.0895377018047542
0.37309649521434385,0.6880197938047992,0.08955871714695215
0.2713632339708766,0.13799109476219834,0.08956771181282945
0.36383351827533983,0.21896400432333474,0.08957170055190329
0.3194445404064641,0.78692502854901,0.08957661348230306
0.40812994555721327,0.8907082211549043,0.08958762700946392
0.34885559517530546,0.8342225211265076,0.08959097789366967
0.3413256158878415,0.28986254001863054,0.08959434098215416
0.2924235001447286,0.41984646174031715,0.08960374837530943
0.35654205933812044,0.8560368456729964,0.08960682885035215
0.38235419979743634,0.49194081806574375,0.08961890129164829
0.49816071194685096,0.1659943307117816,0.08964778872559621
0.31146125362667215,0.76415743211018,0.08965307834417707
0.43922943723463803,0.36736529496906234,0.08968372945176603
0.3499234481381158,0.37769799151997874,0.08971808717997223
0.315222631236623,0.5010090417879687,0.08974783612171579
0.3923048904508184,0.20848301602045663,0.08975539761593986
0.32744548725670175,0.6642747829088862,0.08975726230671482
0.261923974849411,0.4566747737614514,0.08977719333225831
0.3844300272462954,0.7006355008784438,0.08981872055711743
0.307105221346848,0.11838041731962363,0.0898204688491257
0.49832267478658065,0.6809571562980464,0.08982179912199922
0.36392537547205994,0.41538715408812665,0.08987728875215385
0.43859928912212354,0.7569085896966607,0.0898793955664589
0.3098391824204587,0.30059725465806136,0.08992001312875529
0.33973435456954726,0.32329791814493936,0.08994084607942032
0.3670178026958947,0.8388641658061912,0.08994701601439993
0.47251242000329574,0.8120789518350392,0.08994800554721408
0.22609069113163788,0.33490825343565755,0.08996915509718045
0.26118226123061317,0.4408285069555662,0.09000037509499921
0.33548120105051155,0.20451400944709103,0.09000050695127627
0.23662901822231858,0.8530076677610483,0.09000864324164652
0.31835399867511727,0.8166141735977074,0.09000896227059638
0.4435279132346617,0.7787888161894713,0.09000961066940193
0.21242912211588855,0.7474517933122672,0.09003637605506441
0.28160610778110173,0.4552221061728915,0.0900863750186111
0.3029036800716827,0.2943278486242671,0.09010707775748646
0.2902976913657095,0.8394175930554808,0.09011721316835825
0.4245236432965973,0.7907329233635523,0.09014795607991952
0.30141223670810624,0.7624140306681608,0.09015787621349394
0.28952133133875974,0.7063530039289933,0.09017077730454935
0.41409179099696136,0.27316278607946143,0.09017922994564229
0.4350657998426589,0.8453912504170263,0.09019159859503137
0.32585520837206083,0.4891749475458562,0.09021852384870607
0.24218374607915402,0.43613751082809615,0.09021877179521866
0.4010799257769926,0.7384700482889964,0.09022531904957194
0.3381274797492567,0.12343696308827745,0.09024682005679384
0.3666758363631074,0.7747307931630267,0.09026253339788289
0.31600324176812855,0.6658444402880961,0.09026560221662373
0.41334606912391436,0.7100936360793207,0.09026897931649908
0.3533439880708351,0.35772698909636247,0.09027147879203298
0.3419879223946415,0.40450886226418115,0.09029312789300352
0.27818280872819107,0.5374583274917566,0.09030560930024645
0.26370713540917917,0.5862913975078723,0.09033265489250446
0.38749309543665833,0.556489381561055,0.09037418610324498
0.4172042014931848,0.3652427874287182,0.0903864977008342
0.2733689395070409,0.3737797938964055,0.09040173130651304
0.37174870673923277,0.2826902670278115,0.09041729692503506
0.2824892707958916,0.7355523819401666,0.09044007544270519
0.3464005651486586,0.5402977418192648,0.09050100803934824
0.23904550019778215,0.557085458281678,0.09051562170647251
0.2907729120770989,0.36170845582161093,0.09052623807952408
0.3086935587492561,0.4350361799009219,0.09053172693808614
0.3114168984160459,0.5261019822171801,0.09053958374667333
0.3680344430519432,0.29865862426693024,0.09054627719078907
0.4403624108559113,0.13643004543247886,0.09054708459089265
0.43603789366943546,0.1617994527825987,0.09056063998162286
0.2796654529637464,0.784489181358516,0.09056919283870418
0.3242139831955204,0.8100103702340007,0.09057401007541338
0.2551405109360253,0.65975780844263,0.09058065232302633
0.3796464510866554,0.3713825050491989,0.09060852625510699
0.22291991785296372,0.7206866594768927,0.09063736958641733
0.4081188805070678,0.1670484188775629,0.09064755805132957
0.4193770688896524,0.29694202048079343,0.09065562061670004
0.36285235994418685,0.41460381634730037,0.09069395319840562
0.30292718134393715,0.6441677174735622,0.0907161924205932
0.45119245263576246,0.8501564051783884,0.09072930939889101
0.3313667281095162,0.48989580472591043,0.09075204482397857
0.4077244317907637,0.8173032755008433,0.09075323720686762
0.29398778231611944,0.5322698093453541,0.09075942251139935
0.287670463477647,0.41961039798489397,0.09077016857733144
0.3156164781626767,0.4863495293635389,0.09078734784755618
0.40013105379335046,0.624710191113656,0.09080698162703794
0.24544437755749118,0.6369170625764939,0.09081825722924966
0.46799334104951007,0.11394552623345673,0.09082829232984659
0.4300976264970483,0.22147597556843515,0.09084438765217424
0.19434821263322424,0.8336178870019728,0.09086388213443589
0.24305513409427768,0.6473056980176595,0.09087506189483754
0.3671434066357975,0.5603196530949319,0.09088491777460722
0.370114098403552,0.2659674571286124,0.09095090425873513
0.2948168789252812,0.3815543443715027,0.09096536478088309
0.38224869802111316,0.5993304663665427,0.09100348363864284
0.3315826163301522,0.3611044814304397,0.09101651651885274
0.4843149904459434,0.870765205802598,0.09103335797143491
0.254227177239263,0.10769638395638143,0.09106612028312239
0.4184658088704495,0.21829164857018624,0.09111560162366866
0.3317313369873643,0.18697223980394356,0.0911350953455228
0.36381772687580005,0.2839444186088431,0.0911502885532734
0.3138066997124214,0.7012951802787826,0.09115993348005165
0.3711968395103108,0.6164471275803776,0.09117869396255317
0.24137623690971788,0.4533534285104045,0.0911792231722624
0.341724115882316,0.819064575873268,0.09118580593642209
0.4000823007321549,0.23552943743221386,0.09118708814985181
0.4773088753140332,0.17346857503449808,0.09123374245194078
0.2940800405981346,0.8591861026086505,0.09124949846157081
0.3094783525796059,0.5034300179499346,0.0912506647172764
0.4354952866146167,0.16028479189048284,0.0912690412863042
0.342149144122046,0.1346500893810937,0.09129175179104612
0.3089449985988868,0.8301846780318534,0.09134976098144641
0.40313505695980445,0.7884623007494777,0.09136153734006845
0.35608089656952824,0.8891486510870323,0.09137005779681262
0.2527090428764168,0.7874856915458465,0.09138023125687056
0.38705195851903207,0.5626200684440946,0.09139643596085187
0.32394350012165185,0.5066859828250677,0.0914086300323289
0.31985802135030006,0.6943184550664976,0.09143139329601649
0.2771540106497319,0.6295047602253545,0.09145096541123333
0.38676214739888337,0.11575587294315559,0.0914622293165214
0.49309127713842504,0.8842987958038885,0.09147608081629513
0.49935952781413306,0.19964086041581697,0.09149276075332691
0.3880040970064763,0.8592331770916243,0.0915113810899403
0.3775637132938504,0.7602086425490054,0.09154237065781377
0.3357058948133157,0.5999606398085577,0.09154805073587036
0.33235675569987994,0.5191032611277552,0.09155502912135341
0.4049631564000109,0.8451165333974354,0.09155892919320925
0.21177943024069995,0.7673336626755395,0.09158227980913218
0.280388863333232,0.8596210830332599,0.09158950406612022
0.26820862923006894,0.7066108519616113,0.091596713301332
0.343920153292866,0.8178490973273641,0.0916194527063885
0.3396580274962976,0.8380436260959935,0.09163653839632462
0.41708572666360844,0.3613502143776506,0.091660383227439
0.3113885535010049,0.5876052897384292,0.09167462936724918
0.27041193497759675,0.5069198177081806,0.09168545507733347
0.2896841652408517,0.3692778328300923,0.09169184106451973
0.4910176541245356,0.24481142703164258,0.09169232854334207
0.3049848112016034,0.21380054832811501,0.09170079976717695
0.2528670012632631,0.26260605173637,0.09170941531183337
0.4908173673153574,0.2590681647161308,0.09172029526045776
0.3638655289871887,0.4831984854293323,0.09176509896969137
0.47559064037918375,0.40376598404284914,0.09180673945331352
0.23791214942207245,0.3668500777270225,0.09181035392514779
0.3759250001850942,0.495527554367296,0.09181345990203411
0.4221085418736179,0.8936689805931247,0.09183022295426364
0.29850156257001503,0.36020374257348375,0.09183743127239245
0.23609016852963266,0.4455947939431276,0.09183776246981885
0.38799947608691765,0.2949993171608152,0.0918764608966653
0.36363897269649603,0.29286506372017335,0.09189076891773965
0.3266123906720698,0.7164245440600157,0.09193203542689331
0.4269986923481023,0.10543478922845272,0.09194608512418154
0.3496876724147786,0.4956847434951239,0.09195089673329515
0.2585398711110013,0.4792447741917768,0.0919557197133455
0.31669963840448356,0.11211189280827033,0.09196470163931594
0.2478550141516089,0.16098980758837947,0.09196481088552658
0.3609017068569742,0.6702084635401272,0.09196818646936708
0.46431336688870395,0.7989296498326043,0.09197487436400634
0.2111178267906628,0.7585150795597974,0.0919936547302554
0.3841301706696778,0.6200218011293492,0.09205661974392536
0.4306949498141738,0.40718564932900925,0.09206018197366708
0.4462433454795188,0.895097621940414,0.09206407108787383
0.48711020272992944,0.5174796185998567,0.09207432471057375
0.23113197664041493,0.5774143436984323,0.09207702608354516
0.30065875294115446,0.1657067220397127,0.09209905730976474
0.20917058156897156,0.5793426882330078,0.09211027275170872
0.4535009345616474,0.3173090763240213,0.09212332462515446
0.335820437131818,0.28160507414184655,0.09214549242754703
0.38402262989294045,0.45446597199890304,0.09217300326319153
0.3269552328755211,0.4651084755886713,0.09221295076599284
0.3377882768959456,0.46730559168857355,0.09226809573154343
0.2932779663042193,0.8698523647373603,0.09227387198007637
0.29931875137963837,0.8078102001000181,0.09228670129154476
0.3832748669851943,0.6293238928745717,0.09231075810761333
0.31255024431856837,0.24308954890277612,0.09231627876580849
0.324793070200502,0.6867646394686715,0.09232975396822796
0.37626820326720967,0.7350713555785561,0.09235290535227084
0.3847582187097893,0.8304473165365586,0.09237419502894668
0.21444674038561928,0.8203458272991461,0.0923850198578991
0.49412601509024434,0.8435643610008375,0.09238579991276961
0.32300978162960814,0.3088844276742899,0.09241613129906452
0.32740971337289526,0.18469291884091615,0.09246878214394587
0.2916558841100577,0.7265129137269736,0.09248972190375808
0.2915627771975334,0.1908528505162259,0.09250034917085803
0.42843707913299156,0.21471920601905145,0.092541539414983
0.3262070538076625,0.2861354654355458,0.09254372548818489
0.2853943956216636,0.6971041811029408,0.09259396004492976
0.42129887448546277,0.5676515915022088,0.09259612122582027
0.2438212775716537,0.5076047392046398,0.09259668768781419
0.34364613664208843,0.4820845942261708,0.09260116641927663
0.2842938141247538,0.22334818564952627,0.09261690501086052
0.3545663964604614,0.28670946348888215,0.09261921418861059
0.3307758157871219,0.5199723242109308,0.09262348202742963
0.3635311189042256,0.7550358205621021,0.09262687047590547
0.2957879044111231,0.5855760321555977,0.09268168708289093
0.2954399543392701,0.8537132785688816,0.09268785831915012
0.27817192315969996,0.8765173707669398,0.09271643703643935
0.350623537597474,0.3888556632612725,0.0927206712036988
0.2828894176862814,0.22146892840907847,0.09272782552692298
0.323479006209627,0.6655147089797071,0.0927308851997859
0.3490620640794474,0.764234276686146,0.09273397214914576
0.3518796903605853,0.8510986141740394,0.09275280587819526
0.3280655235204999,0.7667688554119155,0.09276752928600562
0.4130044227604167,0.5500390395574558,0.09278966620503754
0.39667711613234424,0.2582037078211215,0.09280161045181069
0.27711907510957146,0.4199293920972187,0.09283054242824401
0.377223041761802,0.23251844504554475,0.09283184354994693
0.3366229755831367,0.5433385162572323,0.09285397938654406
0.29437210306277994,0.4388547759366975,0.09285597221131506
0.32239716733796275,0.7140276513842645,0.09286323381301198
0.4572443545264563,0.41894721919535527,0.09286409301294296
0.3273997452922964,0.5381539114260673,0.09287862482407842
0.285246734435954,0.15459148309250725,0.0928941603534574
0.4206373590087342,0.4684083933941706,0.09291623971928244
0.4306959765499667,0.8497426398997822,0.09291823947660431
0.4896707845948778,0.1894562693723632,0.09292674755227616
0.25428119937255295,0.580435633074981,0.09294723147466773
0.368457892708255,0.6747312415819142,0.09298465830191932
0.36102929262541417,0.7562085975025731,0.09299019759638337
0.31026347298814844,0.4605524704723887,0.09300345241488277
0.49592845566908994,0.8713993047749816,0.09300456216706872
0.23055821048014807,0.6734043143510194,0.0930086266265448
0.28938083804523407,0.17349189959399036,0.09301339404775877
0.38524600528458197,0.3546372168578765,0.09302673644020062
0.4919741100090538,0.2661269882607775,0.09305403888515018
0.346122011411173,0.22436799432901547,0.09306616394151207
0.25096918932543943,0.170487545475613,0.09306788111080853
0.23907506783207955,0.7721507834233213,0.09307121274173205
0.4260605789462757,0.4456720278211652,0.09307886126897016
0.3539854182833525,0.7311396378045999,0.09313845614227144
0.22654237726034,0.6219438557528836,0.09317521831241404
0.3313731692535915,0.5820369832359008,0.09317859269175807
0.20656239717903363,0.7307200984283451,0.09318753991302697
0.22048893295627311,0.5879294989882026,0.09319444719340925
0.17775337429146254,0.2955678490880028,0.09319737819848263
0.36475773428235314,0.47875811541069013,0.09320792608787638
0.4910034441899692,0.7802220455412628,0.09322265080826786
0.447946213935976,0.2073189043969138,0.09322668376157422
0.23212618902308738,0.5509184759216323,0.09324258299563055
0.32880379068076004,0.7813442862111182,0.09325093594959594
0.29623518638726787,0.12329779016217178,0.09325929036333232
0.20185876477642997,0.15671382149295462,0.09327244194167696
0.3809568531585954,0.8873453079642439,0.09329833828192656
0.3100407684093919,0.46890967453229326,0.09332679643959234
0.49419245947331625,0.2281753628210219,0.09332998677987503
0.4129741199812239,0.874351350998639,0.0933408946637231
0.23583455490589345,0.7188735784334256,0.09334672090890785
0.33980645624647693,0.22556977043943,0.09336312260667638
0.4342968445751363,0.2100394524661212,0.09336556402276049
0.29564449177777474,0.1666450047004317,0.09336854686023396
0.4450807612650688,0.8101064442611577,0.09341418007397972
0.420295388172241,0.8543825095806138,0.09342923942706913
0.2792704439310845,0.12245311374622575,0.09347845192814373
0.3274081652969134,0.37909780470723187,0.09348420920431795
0.40254659076648114,0.7868102355014692,0.09353768860300338
0.28669986204005093,0.3237518633296931,0.09353809221446467
0.353617613668734,0.33941596614908565,0.09355517745169302
0.27249330544102857,0.4708336975404047,0.09359775161181595
0.28275635728855575,0.6269746520289752,0.09359950091382739
0.30558003558254065,0.3852050102176381,0.0936217857698458
0.22413153069250324,0.7006838579812594,0.09364532507799894
0.450324935922372,0.25982816330124836,0.09365479660012403
0.23763565392838737,0.6858388274921948,0.09365781869319452
0.2953653832208789,0.84083256627249,0.0936612473032499
0.25511392320937565,0.794311264674138,0.09367543194721245
0.26348926480193124,0.5636317359155337,0.09367870267546019
0.2762687977807479,0.3178474745142701,0.09368382594710013
0.3810364503503362,0.277781263598649,0.09368917618625215
0.2812891996007253,0.5127676368784964,0.09368956061499036
0.3318493368617408,0.14226398170467452,0.09372286151575986
0.32112328992496497,0.39831472194742423,0.09372958716747538
0.31220418727410826,0.394718125636106,0.09373495434493542
0.2963990883838237,0.7063743864606592,0.09373620480614166
0.44417404006168515,0.365245100508944,0.09373932459467546
0.4449576412066204,0.5561751854392804,0.09374690146638893
0.20534082488376706,0.4842316649367209,0.09376833059768516
0.24368407540381748,0.5736613463759558,0.09376953613776577
0.3523436639493033,0.5673564708923774,0.09377484892138627
0.3541863402581311,0.5629843872362553,0.0937814240299429
0.3629039287840621,0.5084598276038459,0.09378718968515504
0.29692547913172396,0.8580785214556993,0.09379998743099166
0.32687538028586915,0.3512269555620281,0.09382622437879508
0.285673478324819,0.6085645365565802,0.09386490270592673
0.22383243714830292,0.3848768969533639,0.09387428678423533
0.29746629288874127,0.1644475391061751,0.09387793108599403
0.39212951023239506,0.8908104076436983,0.0938987356034891
0.3063376790252291,0.5744238580105522,0.09391685614523557
0.377177014045435,0.5300944659147011,0.09396416662209825
0.3293613359350288,0.42680511636712015,0.09397597850832301
0.3325952348999103,0.6218078531409257,0.09399719647613734
0.228635043744288,0.3717704645881241,0.09400435710282459
0.3208700524713111,0.41875434927440736,0.09400601696533367
0.15805299397008105,0.46329158521354097,0.09401138852246639
0.3056486143349404,0.46997703860471285,0.09403020202381535
0.20483722082640887,0.3114829079539854,0.09405415331901713
0.31980107333968266,0.45080784888946157,0.0940580612218288
0.33992492135268537,0.5082935996575468,0.09408394147853831
0.2503227011982606,0.7517987710346014,0.0941164801775766
0.3122347131755072,0.2189741609316756,0.09415272928769171
0.23991576444082405,0.5957145934880169,0.09419440039027424
0.2944517651876467,0.804835329832767,0.09422973421811347
0.3025822826212107,0.7440282900888865,0.09428321365787061
0.2224913406060487,0.2748810694044782,0.09428543869743523
0.3395980660375699,0.24555214263259562,0.09430483043265864
0.29562988330184126,0.8685708004696132,0.09430677575487696
0.2783677326407833,0.6105481735645861,0.09434769842460683
0.19257249347986344,0.7127533985717334,0.09435792831081544
0.15912689819042014,0.595178296990821,0.09436098629108042
0.2788396809561182,0.5843587364111554,0.09436849253867322
0.29856981698311824,0.1650068272623229,0.09441340576286157
0.39011252051152057,0.49498728375381906,0.09443950842718253
0.3285363523631891,0.8258166737173265,0.09445193879874818
0.3853608123861859,0.30182959480431226,0.09450305118387643
0.30859277926437956,0.6004778329399605,0.0945176264774876
0.29400721193683443,0.23488350397974156,0.09456301675381011
0.2316708825675905,0.8169688534059313,0.09456377817990552
0.2364165477833735,0.7997347762017926,0.0945651707768531
0.2991697102403264,0.17251088898605244,0.09459837853335205
0.38952585097024217,0.16804487653553624,0.09464367686553601
0.367315741168213,0.8838463811074536,0.0946504896506641
0.29263167938939794,0.8570498884854072,0.09469658648470619
0.30233059278483665,0.5228628760310613,0.09470975364717048
0.3360625314683944,0.6331051124453564,0.09471058294491086
0.4461968268581131,0.8936728123224874,0.09475290821468309
0.4294500000464895,0.7986798886720633,0.09475729803079294
0.257006350587953,0.10751530169571427,0.09475866829176512
0.35483146798159104,0.2809556538595415,0.09476626957088208
0.32607089954831403,0.4187322938420558,0.09478048058414912
0.4743633565652988,0.8373745363280145,0.09478051097147018
0.22330514275313373,0.2961628684109463,0.0947839758866352
0.23339395086892034,0.6338716109682677,0.09478801902238365
0.4018932263865812,0.47947920964549406,0.09479839624907456
0.21666104450184417,0.35523254851534825,0.09481035031493486
0.30184666237265906,0.4637069397875465,0.09481794045208396
0.3452776231364825,0.7024044106389593,0.09484097870344435
0.1902012049065022,0.6878558045548706,0.09489190087147559
0.3654848787278292,0.704022811324125,0.09489249463857449
0.3560499803401197,0.7291528438644124,0.09493329031412076
0.3203319387485196,0.498547480780658,0.09494524815853693
0.22513105119543023,0.1608611842859297,0.09494547438731168
0.2078862500860407,0.6500207086912507,0.09495667659073578
0.4192402365960963,0.5100798108313442,0.09496581101994303
0.46654550185796184,0.3343228938881857,0.09497512606286182
0.2140321630440142,0.16597070025135477,0.09498231779957081
0.428481264979805,0.10366864619382206,0.09498964669123133
0.21828150187025047,0.6662746623832487,0.09502854052715404
0.35918568286853036,0.2978654052055164,0.0950478016559761
0.3653485175681648,0.2139316353094941,0.09510218800352797
0.20476135588472394,0.48494757873289407,0.09510782215973533
0.37080137220034015,0.17938580569010468,0.09512022757324023
0.30877464321303216,0.42785412504235587,0.09512270315455468
0.3129506831165376,0.11701608987884092,0.09516517421390636
0.35341169322878474,0.10518338354791618,0.0951690973461706
0.2716326512767886,0.7633475668055844,0.09516984524029941
0.29408765875370385,0.8249593418892593,0.09518399387707065
0.3498503669889995,0.6272794676993201,0.0951909735440735
0.2598286206792746,0.15452730353322944,0.09523456450842477
0.3714228457736276,0.5236973945702706,0.09526682218626085
0.31709050873205724,0.6293350376764617,0.09527085475209526
0.3166474926885057,0.16047226784782911,0.09532572973936938
0.4576158606118269,0.8544583269226098,0.09534433782579574
0.1771306590337196,0.12268004182206688,0.09535450506579174
0.32944728590760036,0.18540355638118405,0.09535773055679617
0.3113267941111034,0.5518148789501565,0.09537227325849093
0.4092318584170481,0.8355026956715605,0.09538659406902156
0.2648037710587786,0.25291897773997196,0.09539736257021475
0.23699470662255764,0.44855910168176083,0.09541943245251079
0.3065269747941053,0.8834480515712652,0.09544217345337705
0.35295363243568856,0.18406317413745132,0.09545806960773341
0.2894087201347733,0.869286452155336,0.09546037956614092
0.4017183672506198,0.8354294613097161,0.09547549244793828
0.2600479520059576,0.6052194333766063,0.09547799234488238
0.28504164129411225,0.5733564132966121,0.09549359687417694
0.35655427498801784,0.1745174622790926,0.09549697096321855
0.3940975878327303,0.25068607469722415,0.095513583748808
0.38513801646924173,0.6759932306055667,0.09551976120552738
0.2780559415673284,0.14889022051638687,0.09552765838536258
0.3248507809341432,0.17338233225150396,0.0955488482187539
0.4904075183092623,0.5667174315737212,0.09555480510357878
0.32512980378777284,0.2298097567159,0.09555613828679839
0.3165368710897763,0.5729274316050221,0.09560815085132737
0.4623122330210686,0.22409460972799727,0.09563931419821102
0.3088270002372058,0.7823457810739257,0.09564555108910906
0.3958397525283104,0.32622313606217934,0.09565844993730796
0.3418426847402892,0.837815504274844,0.09566465546976174
0.20569451565924177,0.6322256286218952,0.09567257533932737
0.42274733024924604,0.7775328081407704,0.09568991174701497
0.34058597156685355,0.1569033501945361,0.0956925759191143
0.21192615977076468,0.8710290310753559,0.09569963342415036
0.3657231962654808,0.6314254510724284,0.09572405993929721
0.3510118769249492,0.19126382669077416,0.09572602694932475
0.40422829799889926,0.2531154189902945,0.09572619135748552
0.38584750930217926,0.16128849656293032,0.09572687137299786
0.2563683060333364,0.7205722375567072,0.09573864069414591
0.2578081797311029,0.4151536853722678,0.09575678131237626
0.20200674878422398,0.47222702373792635,0.09577385788940963
0.29693983622711584,0.24468235663976146,0.09582343359851468
0.48606922715546863,0.516604368566615,0.0958270511322818
0.40317465004604514,0.47888107403738234,0.09583110787453403
0.40716310313502324,0.11162509272923399,0.095846452138845
0.32008225906165444,0.3758474258685912,0.0958713272563423
0.25620656285048193,0.6440942481833141,0.09587798631597809
0.30833405470539477,0.4081047588956598,0.09589920225017065
0.24231833854955145,0.785641769914274,0.09592917425762569
0.3745739779031598,0.45687614245654107,0.09596221728910732
0.4105032102204229,0.15676747734278937,0.09597393703980461
0.29895585081328235,0.4668570292504288,0.095974208573291
0.27669632189348836,0.24167825709092386,0.09598254488559511
0.2761263838189485,0.4662488424092647,0.09599486446588096
0.29646050365115795,0.4131720727695375,0.09599586018981446
0.3550053058304553,0.3621850527407747,0.09599606818284251
0.39580707200927645,0.38356562899899727,0.0960058280566301
0.3620059824850369,0.15403851236141133,0.09602508560636158
0.40942420074708796,0.4592052615121953,0.09603433177219202
0.26751268048224613,0.8267800448745339,0.09605765243424806
0.26881221715197,0.6512189563882981,0.09605770909217776
0.3356872270036311,0.15196790235676672,0.09606474421984965
0.33923959679106186,0.6774691465403212,0.09606629999577417
0.2833118558843484,0.7026136910112079,0.0960720931368062
0.43560596704223986,0.7718885077143228,0.09608336479731208
0.1949034638413223,0.5582456960885914,0.09608631145648902
0.3841214514085539,0.22077787181021993,0.09610976385599884
0.44110323902720283,0.8177270826894347,0.09611827853107138
0.27871161973958636,0.7553870681299847,0.0961202702812726
0.31292254375176365,0.36143943121064936,0.09615852177845123
0.17332996379489907,0.4080772160545656,0.09619194404300316
0.3928873686862373,0.18743689481093,0.09619742105119035
0.31195989432979654,0.6396060136980125,0.0962164051446363
0.4490754852202029,0.22740909941820933,0.09622291236887875
0.26790065273429936,0.4689415314834918,0.09624104196366744
0.3575220388972181,0.6493315979970402,0.09629533242379412
0.2682163626204983,0.4682422264665427,0.0963013186346596
0.2639700009828989,0.7925509381307719,0.09632689260243792
0.45714187805938256,0.5481821927047553,0.09632935520134195
0.2606781265591672,0.7101116841144542,0.09634057145095477
0.34974765636610694,0.3354261725440469,0.09634435677065878
0.29588359867286795,0.25911423716377013,0.09636180066891749
0.35778278547847264,0.20519363434889668,0.09637345368946243
0.2708739718478067,0.7168562150149542,0.09637442074948313
0.3949015809245542,0.8615806925577131,0.09639527078723975
0.3069043368001352,0.1506510671756921,0.09642612485552474
0.4057429640549486,0.46827081990679587,0.09642940117018375
0.22428529972535022,0.5731702972341203,0.09646088251252762
0.36462488433889517,0.1848650892271495,0.09646983353638437
0.3286469408546731,0.14501887123211407,0.09648733675202996
0.21949156204844536,0.7714052808560083,0.09648758008831226
0.42591336492717824,0.7215793932433374,0.09650519936645413
0.34741028853227723,0.21302941588822055,0.09650862029161748
0.2465941670843806,0.5996664268784901,0.09651374207745836
0.3566543064321147,0.27207190642536394,0.09653793408465577
0.19301646958191482,0.5048946456236179,0.09657063591868445
0.4329401173261741,0.676097627406674,0.09658092210117127
0.29895451619903834,0.675231414832959,0.09659693842754903
0.36957212865815336,0.6211913713521763,0.09664227645121957
0.42900429323629274,0.853650541249372,0.09664339350804504
0.4184173489585229,0.2898906598323301,0.09665691737943236
0.20426689246339033,0.11036260774571023,0.09666297870411128
0.4118001124846755,0.4717575695269085,0.09670853872640299
0.32762152354670715,0.6616317364921837,0.09671218549805144
0.3199468197454731,0.7406092948833944,0.09673683266984631
0.27836905336798534,0.7591670481853904,0.09679557273746082
0.2847916511557227,0.23346305703624903,0.09681368686762164
0.32067556465345437,0.8395855199301087,0.096814356504873
0.38047820628112794,0.399078474568234,0.09685072846480342
0.23680041689288467,0.8080612834590751,0.09685712557337953
0.3588836088097713,0.5854618281255272,0.09688616937263288
0.30315968167721097,0.285542286429067,0.09689854145295516
0.30045042679497025,0.6001374117065092,0.09695300565634334
0.28436121010103044,0.38996270845801007,0.09695670943127074
0.329496756333972,0.19386351215614292,0.09696718901913426
0.2854670588852285,0.5729662039575117,0.096995193058864
0.4664475459221662,0.35474450562815507,0.0969994869357908
0.4749057360141541,0.8501580582074294,0.0970710010073783
0.21220639410777525,0.1091354243966186,0.09712465599111851
0.24849117123651313,0.594198454638532,0.09713093520755381
0.23371098493443246,0.5468002207527752,0.09713199588860452
0.40032835177715775,0.8136591673542788,0.09714769144114495
0.3441675239160332,0.450550761235753,0.09715605292906701
0.23090941222993855,0.11092670144092712,0.09716008106686053
0.3869031748725972,0.14374758386267203,0.09717218738949675
0.29845927271436123,0.5173364295849135,0.09718103032563474
0.4345250251746874,0.7662601808701478,0.09722162427760905
0.3000178622421703,0.5422029712650674,0.09722375030909929
0.22382482004615004,0.6267645519919284,0.09723291415382804
0.332583572625405,0.8743373354994072,0.09724378757382432
0.2570359625330547,0.8082653713432597,0.09726190933356131
0.22044409232776402,0.8138869328921609,0.09729408880093547
0.2465043872861571,0.356759980080675,0.09729997491890238
0.24860550262399417,0.4181670091613222,0.09730379374406484
0.2747201246791212,0.5059934804431631,0.09731346486417555
0.31966938879212126,0.4685997666781867,0.0973516490995109
0.2073224876285341,0.5610686069549125,0.09736913655480588
0.2711206564100577,0.8769452931282781,0.09737235472263599
0.3300859604976304,0.6642664143833771,0.09737315875189234
0.3377709395599076,0.38776513142819113,0.09738503696784577
0.2655865337980282,0.32687802138387756,0.09738971523377138
0.4226179572028087,0.8488679400868464,0.09740361299743366
0.27907215637747107,0.456542631499539,0.09740621968599318
0.4059183368840721,0.2512365108509512,0.09741894693735344
0.37279663662720386,0.4153564699196588,0.09742005568098101
0.24863944100357177,0.45334141918173854,0.09745206611738823
0.28387997321633024,0.18102615225721996,0.09749139589471129
0.448872946031574,0.7778563989926591,0.09749645427617389
0.29485091280668546,0.5044343123892105,0.09751782416448994
0.48697068140424626,0.19595273293550913,0.09753232128900893
0.25168888746499896,0.40988926592632935,0.09759109441155851
0.2602173696231015,0.547733605584504,0.09759813654535171
0.28101752540734376,0.8427512953179169,0.09759873435486545
0.22521764493943028,0.3877766441141065,0.09764504185734726
0.17867865009660214,0.19583936645158762,0.09768065488283881
0.3693422556363952,0.22507571474037516,0.09768638567274
0.1886851347795387,0.5466568033861812,0.09770083458419836
0.2692292999299666,0.35831681743481947,0.09770097438154844
0.24460237927279846,0.17948144272972383,0.09771146622174601
0.3623662063984695,0.16631341672968558,0.0977151538869574
0.27425218465421386,0.21553160892174078,0.09773297195860389
0.40232917149545566,0.6567004870889555,0.09773934687246104
0.36411753557712934,0.16171385007329686,0.09775102510790104
0.2866464049256583,0.11148483416727882,0.09777566858859844
0.3287332683852484,0.20011078226364643,0.09779011278670802
0.28934990596170485,0.17026480517722814,0.09779500830141892
0.4295470237946736,0.3188839401829954,0.09780273708855446
0.4990969182411924,0.105652264072598,0.09780499204943925
0.45512454853555584,0.4015738858253811,0.09781048121477406
0.24791418645547864,0.7700170805583961,0.09783236054606546
0.21396288514916018,0.10495206887249538,0.09786492006121049
0.133825650431452,0.28343299561547364,0.0978709165067053
0.29145342417980735,0.6699839158901622,0.09787581511685554
0.2811572528468292,0.2565063145087555,0.09788028182611394
0.3833992963201349,0.5765765983115931,0.09788791736325007
0.2860987134954788,0.19877260033140587,0.09790807752764334
0.34932258881992606,0.8229161606876251,0.09792320697610762
0.4822303257591233,0.22892455552875887,0.09793655734511664
0.3329052698730406,0.6167812178020792,0.09793818706678395
0.2945079954592021,0.15155371165608394,0.09795694774017058
0.2408953408963853,0.2964227333471552,0.09796413589244667
0.339491193092346,0.16614969381132666,0.09796805350473228
0.3871019654881446,0.29704714691708234,0.09796916914443933
0.23645660454877304,0.7776170092434651,0.0979707422836174
0.4994989423460391,0.2155676666039562,0.09797552067635172
0.2925337236170077,0.6585079761909253,0.0979807929918466
0.494696049012462,0.8811705092051799,0.09804337353635996
0.3820233582782041,0.8426946982048538,0.09805874089290965
0.3944547866953093,0.3292533436398295,0.09810946382013341
0.2451206860641377,0.8392601101393715,0.0981120203620358
0.2557412385814466,0.8364323377835479,0.09820577320321192
0.3988914330940888,0.5755462573303104,0.09821431370849168
0.1656143662914761,0.8058295369322797,0.09825373645107811
0.22303909965907487,0.3218941858081264,0.0982648967746687
0.22907588479181185,0.7739789558596262,0.09826765319158627
0.45551653003357584,0.3173041351236149,0.09826949213395063
0.4348837371097686,0.7184517347183456,0.09829173571923067
0.3420193073461169,0.7166498351202326,0.09833516469340818
0.43624466061027733,0.5298177628132108,0.09833795491649465
0.3862791463274372,0.3265734647117797,0.09840414717676124
0.39253374757725135,0.7062219659439469,0.09843025830702906
0.3133001304862053,0.3366336651338736,0.09847332653741264
0.24023830369778093,0.544656881220817,0.09848025542579976
0.2911868275701811,0.3248668085040002,0.09850495805450972
0.20893798098752114,0.44324204386792154,0.09852567366813098
0.3251472987059859,0.7397606743907456,0.09853409505359795
0.22265245295069558,0.6275138888767301,0.09854787726459106
0.3887948454809941,0.5949499177585587,0.09856390516903286
0.30325018584647623,0.8550657401381324,0.0985822622662939
0.3910361041346999,0.8753825976981698,0.09859276559308254
0.303292062040985,0.5179640516766714,0.0986209928833802
0.337533684839571,0.4913906727659776,0.09862455404946865
0.28293995233126046,0.3427312436956862,0.09863573633826654
0.24546348713225716,0.40468273030481994,0.09864822820701959
0.2593854633586572,0.6546179017706997,0.09865545867963921
0.2865534157410914,0.802970998563083,0.0986748708351367
0.3192886091631616,0.7376422889879579,0.09867682914244336
0.33199704270339514,0.6677693188549028,0.09869825714320365
0.3004195859913752,0.8581175957956437,0.098716002497787
0.26218345909322444,0.12068389532523956,0.0987251752856749
0.2960733819108723,0.6288124045227119,0.09872933046558063
0.3118366475920449,0.8994008161581328,0.09873698102341005
0.17355208316406123,0.306861386711046,0.09875101397693396
0.18535373165228164,0.32560089095087363,0.09878730672096933
0.3445258985049995,0.1342372843243962,0.09880597997422688
0.2668288015579845,0.5262094003375631,0.09880797905400625
0.15888104955031077,0.3891817386123462,0.0988330326577523
0.31126594962537185,0.6365959895891129,0.09883399615159605
0.22675077333055632,0.5707343569189842,0.09884599849769064
0.37904092873131157,0.6134324244771217,0.09885613059576893
0.49321365615553614,0.8921021833822501,0.09892726734129238
0.20229586461222035,0.5662901341732026,0.09893066111010304
0.3666225791096307,0.3213293433364174,0.0989405337585053
0.4532153740170569,0.662271463821938,0.09895537141359718
0.3491870892754605,0.23734155252137976,0.09896314145364303
0.3203126827775121,0.5803764451736467,0.09901190840387403
0.2953043111311525,0.3118927870970941,0.09910102130552702
0.24754622818408786,0.44071129396365316,0.0991123422844079
0.27186075877394417,0.8338639527848434,0.09911803782608225
0.34231370290751084,0.3272111750897364,0.09912099425428295
0.2772076663305123,0.7850958677866746,0.09915392606727115
0.34016705299693917,0.7727103895218167,0.09921358137601109
0.26180687748491316,0.45607648987095195,0.09926851381007938
0.3679131222937654,0.6344239673169013,0.09927028435575447
0.27246039765236574,0.4232855695753911,0.09928157589212822
0.43790415200961985,0.8560516939820801,0.09937803720435026
0.3671389279035969,0.6765400948329658,0.09938602689017817
0.2590218703863988,0.23763064669072653,0.09941359178980673
0.46358885868347455,0.6810898026035294,0.09942938081368262
0.2421386338350902,0.3992274475031906,0.09946988226431876
0.43780255701867565,0.5068821430175919,0.09950081918840183
0.21369918469611313,0.22138867632925008,0.09954396104351264
0.4013570299414374,0.11121007278105033,0.09955214587953032
0.4754817472142856,0.8051393568043365,0.09957758359801533
0.49819202988911226,0.33478244174069777,0.0996182712600835
0.438207046000718,0.725867584485523,0.09962998908137743
0.2837868965312921,0.5364676605232627,0.09964452951962746
0.4115920025162003,0.7520307424938601,0.0996459689168874
0.27271754440751583,0.7117721363495312,0.0996511680957655
0.45150217044952823,0.8289901347356284,0.09971636734408912
0.22251800126474908,0.7340716810690567,0.09981700114052772
0.3093386047542951,0.8740978079776126,0.09983112012834285
0.20598228288659193,0.22916358671005732,0.09983332847199877
0.22805256659530448,0.22065345023785748,0.09989608589348647
0.24111658936510103,0.8033201503294953,0.0998968899640575
0.15919871667216656,0.7177619641618191,0.09992210996982126
0.2529993120239843,0.20411538565676227,0.09992375042810146
0.3340676529197342,0.7674436862959005,0.09994530012371172
0.33798115008565277,0.46357499333557384,0.09994946497841009
0.27270981169861463,0.33890531048085093,0.09995801747349956
0.301552766419773,0.2092015749422685,0.0999629811027916
